"date","match_id","team_1","team_2","team_1_code","team_2_code"
"2025-06-03","1473511","Royal Challengers Bengaluru","Punjab Kings","RCB","PBKS"
"2025-06-01","1473510","Mumbai Indians","Punjab Kings","MI","PBKS"
"2025-05-30","1473509","Mumbai Indians","Gujarat Titans","MI","GT"
"2025-05-29","1473508","Punjab Kings","Royal Challengers Bengaluru","PBKS","RCB"
"2025-05-27","1473507","Lucknow Super Giants","Royal Challengers Bengaluru","LSG","RCB"
"2025-05-26","1473506","Mumbai Indians","Punjab Kings","MI","PBKS"
"2025-05-25","1473505","Sunrisers Hyderabad","Kolkata Knight Riders","SRH","KKR"
"2025-05-25","1473504","Chennai Super Kings","Gujarat Titans","CSK","GT"
"2025-05-24","1485779","Punjab Kings","Delhi Capitals","PBKS","DC"
"2025-05-23","1473503","Sunrisers Hyderabad","Royal Challengers Bengaluru","SRH","RCB"
"2025-05-22","1473502","Lucknow Super Giants","Gujarat Titans","LSG","GT"
"2025-05-21","1473501","Mumbai Indians","Delhi Capitals","MI","DC"
"2025-05-20","1473500","Chennai Super Kings","Rajasthan Royals","CSK","RR"
"2025-05-19","1473499","Lucknow Super Giants","Sunrisers Hyderabad","LSG","SRH"
"2025-05-18","1473498","Delhi Capitals","Gujarat Titans","DC","GT"
"2025-05-18","1473497","Punjab Kings","Rajasthan Royals","PBKS","RR"
"2025-05-08","1473495","Punjab Kings","Delhi Capitals","PBKS","DC"
"2025-05-07","1473494","Kolkata Knight Riders","Chennai Super Kings","KKR","CSK"
"2025-05-06","1473493","Mumbai Indians","Gujarat Titans","MI","GT"
"2025-05-05","1473492","Delhi Capitals","Sunrisers Hyderabad","DC","SRH"
"2025-05-04","1473491","Punjab Kings","Lucknow Super Giants","PBKS","LSG"
"2025-05-04","1473490","Kolkata Knight Riders","Rajasthan Royals","KKR","RR"
"2025-05-03","1473489","Royal Challengers Bengaluru","Chennai Super Kings","RCB","CSK"
"2025-05-02","1473488","Gujarat Titans","Sunrisers Hyderabad","GT","SRH"
"2025-05-01","1473487","Mumbai Indians","Rajasthan Royals","MI","RR"
"2025-04-30","1473486","Chennai Super Kings","Punjab Kings","CSK","PBKS"
"2025-04-29","1473485","Kolkata Knight Riders","Delhi Capitals","KKR","DC"
"2025-04-28","1473484","Gujarat Titans","Rajasthan Royals","GT","RR"
"2025-04-27","1473483","Delhi Capitals","Royal Challengers Bengaluru","DC","RCB"
"2025-04-27","1473482","Mumbai Indians","Lucknow Super Giants","MI","LSG"
"2025-04-26","1473481","Punjab Kings","Kolkata Knight Riders","PBKS","KKR"
"2025-04-25","1473480","Chennai Super Kings","Sunrisers Hyderabad","CSK","SRH"
"2025-04-24","1473479","Royal Challengers Bengaluru","Rajasthan Royals","RCB","RR"
"2025-04-23","1473478","Sunrisers Hyderabad","Mumbai Indians","SRH","MI"
"2025-04-22","1473477","Lucknow Super Giants","Delhi Capitals","LSG","DC"
"2025-04-21","1473476","Gujarat Titans","Kolkata Knight Riders","GT","KKR"
"2025-04-20","1473475","Chennai Super Kings","Mumbai Indians","CSK","MI"
"2025-04-20","1473474","Punjab Kings","Royal Challengers Bengaluru","PBKS","RCB"
"2025-04-19","1473473","Lucknow Super Giants","Rajasthan Royals","LSG","RR"
"2025-04-19","1473472","Delhi Capitals","Gujarat Titans","DC","GT"
"2025-04-18","1473471","Royal Challengers Bengaluru","Punjab Kings","RCB","PBKS"
"2025-04-17","1473470","Sunrisers Hyderabad","Mumbai Indians","SRH","MI"
"2025-04-16","1473469","Delhi Capitals","Rajasthan Royals","DC","RR"
"2025-04-15","1473468","Punjab Kings","Kolkata Knight Riders","PBKS","KKR"
"2025-04-14","1473467","Lucknow Super Giants","Chennai Super Kings","LSG","CSK"
"2025-04-13","1473466","Mumbai Indians","Delhi Capitals","MI","DC"
"2025-04-13","1473465","Rajasthan Royals","Royal Challengers Bengaluru","RR","RCB"
"2025-04-12","1473464","Punjab Kings","Sunrisers Hyderabad","PBKS","SRH"
"2025-04-12","1473463","Gujarat Titans","Lucknow Super Giants","GT","LSG"
"2025-04-11","1473462","Chennai Super Kings","Kolkata Knight Riders","CSK","KKR"
"2025-04-10","1473461","Royal Challengers Bengaluru","Delhi Capitals","RCB","DC"
"2025-04-09","1473460","Gujarat Titans","Rajasthan Royals","GT","RR"
"2025-04-08","1473459","Punjab Kings","Chennai Super Kings","PBKS","CSK"
"2025-04-08","1473456","Lucknow Super Giants","Kolkata Knight Riders","LSG","KKR"
"2025-04-07","1473458","Royal Challengers Bengaluru","Mumbai Indians","RCB","MI"
"2025-04-06","1473457","Sunrisers Hyderabad","Gujarat Titans","SRH","GT"
"2025-04-05","1473455","Rajasthan Royals","Punjab Kings","RR","PBKS"
"2025-04-05","1473454","Delhi Capitals","Chennai Super Kings","DC","CSK"
"2025-04-04","1473453","Lucknow Super Giants","Mumbai Indians","LSG","MI"
"2025-04-03","1473452","Kolkata Knight Riders","Sunrisers Hyderabad","KKR","SRH"
"2025-04-02","1473451","Royal Challengers Bengaluru","Gujarat Titans","RCB","GT"
"2025-04-01","1473450","Lucknow Super Giants","Punjab Kings","LSG","PBKS"
"2025-03-31","1473449","Kolkata Knight Riders","Mumbai Indians","KKR","MI"
"2025-03-30","1473448","Rajasthan Royals","Chennai Super Kings","RR","CSK"
"2025-03-30","1473447","Sunrisers Hyderabad","Delhi Capitals","SRH","DC"
"2025-03-29","1473446","Gujarat Titans","Mumbai Indians","GT","MI"
"2025-03-28","1473445","Royal Challengers Bengaluru","Chennai Super Kings","RCB","CSK"
"2025-03-27","1473444","Sunrisers Hyderabad","Lucknow Super Giants","SRH","LSG"
"2025-03-26","1473443","Rajasthan Royals","Kolkata Knight Riders","RR","KKR"
"2025-03-25","1473442","Punjab Kings","Gujarat Titans","PBKS","GT"
"2025-03-24","1473441","Lucknow Super Giants","Delhi Capitals","LSG","DC"
"2025-03-23","1473440","Mumbai Indians","Chennai Super Kings","MI","CSK"
"2025-03-23","1473439","Sunrisers Hyderabad","Rajasthan Royals","SRH","RR"
"2025-03-22","1473438","Kolkata Knight Riders","Royal Challengers Bengaluru","KKR","RCB"
"2024-05-26","1426312","Sunrisers Hyderabad","Kolkata Knight Riders","SRH","KKR"
"2024-05-24","1426311","Sunrisers Hyderabad","Rajasthan Royals","SRH","RR"
"2024-05-22","1426310","Royal Challengers Bengaluru","Rajasthan Royals","RCB","RR"
"2024-05-21","1426309","Sunrisers Hyderabad","Kolkata Knight Riders","SRH","KKR"
"2024-05-19","1426307","Punjab Kings","Sunrisers Hyderabad","PBKS","SRH"
"2024-05-18","1426306","Royal Challengers Bengaluru","Chennai Super Kings","RCB","CSK"
"2024-05-17","1426305","Lucknow Super Giants","Mumbai Indians","LSG","MI"
"2024-05-15","1426303","Rajasthan Royals","Punjab Kings","RR","PBKS"
"2024-05-14","1426302","Delhi Capitals","Lucknow Super Giants","DC","LSG"
"2024-05-12","1426300","Royal Challengers Bengaluru","Delhi Capitals","RCB","DC"
"2024-05-12","1426299","Rajasthan Royals","Chennai Super Kings","RR","CSK"
"2024-05-11","1426298","Kolkata Knight Riders","Mumbai Indians","KKR","MI"
"2024-05-10","1426297","Gujarat Titans","Chennai Super Kings","GT","CSK"
"2024-05-09","1426296","Royal Challengers Bengaluru","Punjab Kings","RCB","PBKS"
"2024-05-08","1426295","Lucknow Super Giants","Sunrisers Hyderabad","LSG","SRH"
"2024-05-07","1426294","Delhi Capitals","Rajasthan Royals","DC","RR"
"2024-05-06","1426293","Sunrisers Hyderabad","Mumbai Indians","SRH","MI"
"2024-05-05","1426292","Kolkata Knight Riders","Lucknow Super Giants","KKR","LSG"
"2024-05-05","1426291","Chennai Super Kings","Punjab Kings","CSK","PBKS"
"2024-05-04","1426290","Gujarat Titans","Royal Challengers Bengaluru","GT","RCB"
"2024-05-03","1426289","Kolkata Knight Riders","Mumbai Indians","KKR","MI"
"2024-05-02","1426288","Sunrisers Hyderabad","Rajasthan Royals","SRH","RR"
"2024-05-01","1426287","Chennai Super Kings","Punjab Kings","CSK","PBKS"
"2024-04-30","1426286","Mumbai Indians","Lucknow Super Giants","MI","LSG"
"2024-04-29","1426285","Delhi Capitals","Kolkata Knight Riders","DC","KKR"
"2024-04-28","1426284","Chennai Super Kings","Sunrisers Hyderabad","CSK","SRH"
"2024-04-28","1426283","Gujarat Titans","Royal Challengers Bengaluru","GT","RCB"
"2024-04-27","1426282","Lucknow Super Giants","Rajasthan Royals","LSG","RR"
"2024-04-27","1426281","Delhi Capitals","Mumbai Indians","DC","MI"
"2024-04-26","1426280","Kolkata Knight Riders","Punjab Kings","KKR","PBKS"
"2024-04-25","1426279","Royal Challengers Bengaluru","Sunrisers Hyderabad","RCB","SRH"
"2024-04-24","1426278","Delhi Capitals","Gujarat Titans","DC","GT"
"2024-04-23","1426277","Chennai Super Kings","Lucknow Super Giants","CSK","LSG"
"2024-04-22","1426276","Mumbai Indians","Rajasthan Royals","MI","RR"
"2024-04-21","1426275","Punjab Kings","Gujarat Titans","PBKS","GT"
"2024-04-21","1426274","Kolkata Knight Riders","Royal Challengers Bengaluru","KKR","RCB"
"2024-04-20","1426273","Sunrisers Hyderabad","Delhi Capitals","SRH","DC"
"2024-04-19","1426272","Chennai Super Kings","Lucknow Super Giants","CSK","LSG"
"2024-04-18","1426271","Mumbai Indians","Punjab Kings","MI","PBKS"
"2024-04-17","1426270","Gujarat Titans","Delhi Capitals","GT","DC"
"2024-04-16","1426269","Kolkata Knight Riders","Rajasthan Royals","KKR","RR"
"2024-04-15","1426268","Sunrisers Hyderabad","Royal Challengers Bengaluru","SRH","RCB"
"2024-04-14","1426267","Chennai Super Kings","Mumbai Indians","CSK","MI"
"2024-04-14","1426266","Lucknow Super Giants","Kolkata Knight Riders","LSG","KKR"
"2024-04-13","1426265","Punjab Kings","Rajasthan Royals","PBKS","RR"
"2024-04-12","1426264","Lucknow Super Giants","Delhi Capitals","LSG","DC"
"2024-04-11","1426263","Royal Challengers Bengaluru","Mumbai Indians","RCB","MI"
"2024-04-10","1426262","Rajasthan Royals","Gujarat Titans","RR","GT"
"2024-04-09","1426261","Sunrisers Hyderabad","Punjab Kings","SRH","PBKS"
"2024-04-08","1426260","Kolkata Knight Riders","Chennai Super Kings","KKR","CSK"
"2024-04-07","1422139","Lucknow Super Giants","Gujarat Titans","LSG","GT"
"2024-04-07","1422138","Mumbai Indians","Delhi Capitals","MI","DC"
"2024-04-06","1422137","Royal Challengers Bengaluru","Rajasthan Royals","RCB","RR"
"2024-04-05","1422136","Chennai Super Kings","Sunrisers Hyderabad","CSK","SRH"
"2024-04-04","1422135","Gujarat Titans","Punjab Kings","GT","PBKS"
"2024-04-03","1422134","Kolkata Knight Riders","Delhi Capitals","KKR","DC"
"2024-04-02","1422133","Lucknow Super Giants","Royal Challengers Bengaluru","LSG","RCB"
"2024-04-01","1422132","Mumbai Indians","Rajasthan Royals","MI","RR"
"2024-03-31","1422131","Delhi Capitals","Chennai Super Kings","DC","CSK"
"2024-03-31","1422130","Sunrisers Hyderabad","Gujarat Titans","SRH","GT"
"2024-03-30","1422129","Lucknow Super Giants","Punjab Kings","LSG","PBKS"
"2024-03-29","1422128","Royal Challengers Bengaluru","Kolkata Knight Riders","RCB","KKR"
"2024-03-28","1422127","Rajasthan Royals","Delhi Capitals","RR","DC"
"2024-03-27","1422126","Sunrisers Hyderabad","Mumbai Indians","SRH","MI"
"2024-03-26","1422125","Chennai Super Kings","Gujarat Titans","CSK","GT"
"2024-03-25","1422124","Punjab Kings","Royal Challengers Bengaluru","PBKS","RCB"
"2024-03-24","1422123","Gujarat Titans","Mumbai Indians","GT","MI"
"2024-03-24","1422122","Rajasthan Royals","Lucknow Super Giants","RR","LSG"
"2024-03-23","1422121","Kolkata Knight Riders","Sunrisers Hyderabad","KKR","SRH"
"2024-03-23","1422120","Delhi Capitals","Punjab Kings","DC","PBKS"
"2024-03-22","1422119","Royal Challengers Bengaluru","Chennai Super Kings","RCB","CSK"
"2023-05-29","1370353","Gujarat Titans","Chennai Super Kings","GT","CSK"
"2023-05-26","1370352","Gujarat Titans","Mumbai Indians","GT","MI"
"2023-05-24","1370351","Mumbai Indians","Lucknow Super Giants","MI","LSG"
"2023-05-23","1370350","Chennai Super Kings","Gujarat Titans","CSK","GT"
"2023-05-21","1359544","Royal Challengers Bangalore","Gujarat Titans","RCB","GT"
"2023-05-21","1359543","Sunrisers Hyderabad","Mumbai Indians","SRH","MI"
"2023-05-20","1359542","Lucknow Super Giants","Kolkata Knight Riders","LSG","KKR"
"2023-05-20","1359541","Chennai Super Kings","Delhi Capitals","CSK","DC"
"2023-05-19","1359540","Punjab Kings","Rajasthan Royals","PBKS","RR"
"2023-05-18","1359539","Sunrisers Hyderabad","Royal Challengers Bangalore","SRH","RCB"
"2023-05-17","1359538","Delhi Capitals","Punjab Kings","DC","PBKS"
"2023-05-16","1359537","Lucknow Super Giants","Mumbai Indians","LSG","MI"
"2023-05-15","1359536","Gujarat Titans","Sunrisers Hyderabad","GT","SRH"
"2023-05-14","1359535","Chennai Super Kings","Kolkata Knight Riders","CSK","KKR"
"2023-05-14","1359534","Royal Challengers Bangalore","Rajasthan Royals","RCB","RR"
"2023-05-13","1359533","Punjab Kings","Delhi Capitals","PBKS","DC"
"2023-05-13","1359532","Sunrisers Hyderabad","Lucknow Super Giants","SRH","LSG"
"2023-05-12","1359531","Mumbai Indians","Gujarat Titans","MI","GT"
"2023-05-11","1359530","Kolkata Knight Riders","Rajasthan Royals","KKR","RR"
"2023-05-10","1359529","Chennai Super Kings","Delhi Capitals","CSK","DC"
"2023-05-09","1359528","Royal Challengers Bangalore","Mumbai Indians","RCB","MI"
"2023-05-08","1359527","Punjab Kings","Kolkata Knight Riders","PBKS","KKR"
"2023-05-07","1359526","Rajasthan Royals","Sunrisers Hyderabad","RR","SRH"
"2023-05-07","1359525","Gujarat Titans","Lucknow Super Giants","GT","LSG"
"2023-05-06","1359524","Royal Challengers Bangalore","Delhi Capitals","RCB","DC"
"2023-05-06","1359523","Mumbai Indians","Chennai Super Kings","MI","CSK"
"2023-05-05","1359522","Rajasthan Royals","Gujarat Titans","RR","GT"
"2023-05-04","1359521","Kolkata Knight Riders","Sunrisers Hyderabad","KKR","SRH"
"2023-05-03","1359520","Punjab Kings","Mumbai Indians","PBKS","MI"
"2023-05-03","1359519","Lucknow Super Giants","Chennai Super Kings","LSG","CSK"
"2023-05-02","1359518","Delhi Capitals","Gujarat Titans","DC","GT"
"2023-05-01","1359517","Royal Challengers Bangalore","Lucknow Super Giants","RCB","LSG"
"2023-04-30","1359516","Rajasthan Royals","Mumbai Indians","RR","MI"
"2023-04-30","1359515","Chennai Super Kings","Punjab Kings","CSK","PBKS"
"2023-04-29","1359514","Sunrisers Hyderabad","Delhi Capitals","SRH","DC"
"2023-04-29","1359513","Kolkata Knight Riders","Gujarat Titans","KKR","GT"
"2023-04-28","1359512","Lucknow Super Giants","Punjab Kings","LSG","PBKS"
"2023-04-27","1359511","Rajasthan Royals","Chennai Super Kings","RR","CSK"
"2023-04-26","1359510","Kolkata Knight Riders","Royal Challengers Bangalore","KKR","RCB"
"2023-04-25","1359509","Gujarat Titans","Mumbai Indians","GT","MI"
"2023-04-24","1359508","Delhi Capitals","Sunrisers Hyderabad","DC","SRH"
"2023-04-23","1359507","Chennai Super Kings","Kolkata Knight Riders","CSK","KKR"
"2023-04-23","1359506","Royal Challengers Bangalore","Rajasthan Royals","RCB","RR"
"2023-04-22","1359505","Punjab Kings","Mumbai Indians","PBKS","MI"
"2023-04-22","1359504","Gujarat Titans","Lucknow Super Giants","GT","LSG"
"2023-04-21","1359503","Sunrisers Hyderabad","Chennai Super Kings","SRH","CSK"
"2023-04-20","1359502","Kolkata Knight Riders","Delhi Capitals","KKR","DC"
"2023-04-20","1359501","Royal Challengers Bangalore","Punjab Kings","RCB","PBKS"
"2023-04-19","1359500","Lucknow Super Giants","Rajasthan Royals","LSG","RR"
"2023-04-18","1359499","Mumbai Indians","Sunrisers Hyderabad","MI","SRH"
"2023-04-17","1359498","Chennai Super Kings","Royal Challengers Bangalore","CSK","RCB"
"2023-04-16","1359497","Gujarat Titans","Rajasthan Royals","GT","RR"
"2023-04-16","1359496","Kolkata Knight Riders","Mumbai Indians","KKR","MI"
"2023-04-15","1359495","Lucknow Super Giants","Punjab Kings","LSG","PBKS"
"2023-04-15","1359494","Royal Challengers Bangalore","Delhi Capitals","RCB","DC"
"2023-04-14","1359493","Sunrisers Hyderabad","Kolkata Knight Riders","SRH","KKR"
"2023-04-13","1359492","Punjab Kings","Gujarat Titans","PBKS","GT"
"2023-04-12","1359491","Rajasthan Royals","Chennai Super Kings","RR","CSK"
"2023-04-11","1359490","Delhi Capitals","Mumbai Indians","DC","MI"
"2023-04-10","1359489","Royal Challengers Bangalore","Lucknow Super Giants","RCB","LSG"
"2023-04-09","1359488","Punjab Kings","Sunrisers Hyderabad","PBKS","SRH"
"2023-04-09","1359487","Gujarat Titans","Kolkata Knight Riders","GT","KKR"
"2023-04-08","1359486","Mumbai Indians","Chennai Super Kings","MI","CSK"
"2023-04-08","1359485","Rajasthan Royals","Delhi Capitals","RR","DC"
"2023-04-07","1359484","Sunrisers Hyderabad","Lucknow Super Giants","SRH","LSG"
"2023-04-06","1359483","Kolkata Knight Riders","Royal Challengers Bangalore","KKR","RCB"
"2023-04-05","1359482","Punjab Kings","Rajasthan Royals","PBKS","RR"
"2023-04-04","1359481","Delhi Capitals","Gujarat Titans","DC","GT"
"2023-04-03","1359480","Chennai Super Kings","Lucknow Super Giants","CSK","LSG"
"2023-04-02","1359479","Mumbai Indians","Royal Challengers Bangalore","MI","RCB"
"2023-04-02","1359478","Rajasthan Royals","Sunrisers Hyderabad","RR","SRH"
"2023-04-01","1359477","Lucknow Super Giants","Delhi Capitals","LSG","DC"
"2023-04-01","1359476","Punjab Kings","Kolkata Knight Riders","PBKS","KKR"
"2023-03-31","1359475","Chennai Super Kings","Gujarat Titans","CSK","GT"
"2022-05-29","1312200","Rajasthan Royals","Gujarat Titans","RR","GT"
"2022-05-27","1312199","Royal Challengers Bangalore","Rajasthan Royals","RCB","RR"
"2022-05-25","1312198","Royal Challengers Bangalore","Lucknow Super Giants","RCB","LSG"
"2022-05-24","1312197","Rajasthan Royals","Gujarat Titans","RR","GT"
"2022-05-22","1304116","Sunrisers Hyderabad","Punjab Kings","SRH","PBKS"
"2022-05-21","1304115","Delhi Capitals","Mumbai Indians","DC","MI"
"2022-05-20","1304114","Chennai Super Kings","Rajasthan Royals","CSK","RR"
"2022-05-19","1304113","Gujarat Titans","Royal Challengers Bangalore","GT","RCB"
"2022-05-18","1304112","Lucknow Super Giants","Kolkata Knight Riders","LSG","KKR"
"2022-05-17","1304111","Sunrisers Hyderabad","Mumbai Indians","SRH","MI"
"2022-05-16","1304110","Delhi Capitals","Punjab Kings","DC","PBKS"
"2022-05-15","1304109","Rajasthan Royals","Lucknow Super Giants","RR","LSG"
"2022-05-15","1304108","Chennai Super Kings","Gujarat Titans","CSK","GT"
"2022-05-14","1304107","Kolkata Knight Riders","Sunrisers Hyderabad","KKR","SRH"
"2022-05-13","1304106","Punjab Kings","Royal Challengers Bangalore","PBKS","RCB"
"2022-05-12","1304105","Chennai Super Kings","Mumbai Indians","CSK","MI"
"2022-05-11","1304104","Rajasthan Royals","Delhi Capitals","RR","DC"
"2022-05-10","1304103","Gujarat Titans","Lucknow Super Giants","GT","LSG"
"2022-05-09","1304102","Kolkata Knight Riders","Mumbai Indians","KKR","MI"
"2022-05-08","1304101","Chennai Super Kings","Delhi Capitals","CSK","DC"
"2022-05-08","1304100","Royal Challengers Bangalore","Sunrisers Hyderabad","RCB","SRH"
"2022-05-07","1304099","Lucknow Super Giants","Kolkata Knight Riders","LSG","KKR"
"2022-05-07","1304098","Punjab Kings","Rajasthan Royals","PBKS","RR"
"2022-05-06","1304097","Mumbai Indians","Gujarat Titans","MI","GT"
"2022-05-05","1304096","Delhi Capitals","Sunrisers Hyderabad","DC","SRH"
"2022-05-04","1304095","Royal Challengers Bangalore","Chennai Super Kings","RCB","CSK"
"2022-05-03","1304094","Gujarat Titans","Punjab Kings","GT","PBKS"
"2022-05-02","1304093","Rajasthan Royals","Kolkata Knight Riders","RR","KKR"
"2022-05-01","1304092","Chennai Super Kings","Sunrisers Hyderabad","CSK","SRH"
"2022-05-01","1304091","Lucknow Super Giants","Delhi Capitals","LSG","DC"
"2022-04-30","1304090","Rajasthan Royals","Mumbai Indians","RR","MI"
"2022-04-30","1304089","Royal Challengers Bangalore","Gujarat Titans","RCB","GT"
"2022-04-29","1304088","Lucknow Super Giants","Punjab Kings","LSG","PBKS"
"2022-04-28","1304087","Kolkata Knight Riders","Delhi Capitals","KKR","DC"
"2022-04-27","1304086","Sunrisers Hyderabad","Gujarat Titans","SRH","GT"
"2022-04-26","1304085","Rajasthan Royals","Royal Challengers Bangalore","RR","RCB"
"2022-04-25","1304084","Punjab Kings","Chennai Super Kings","PBKS","CSK"
"2022-04-24","1304083","Lucknow Super Giants","Mumbai Indians","LSG","MI"
"2022-04-23","1304082","Royal Challengers Bangalore","Sunrisers Hyderabad","RCB","SRH"
"2022-04-23","1304081","Gujarat Titans","Kolkata Knight Riders","GT","KKR"
"2022-04-22","1304080","Rajasthan Royals","Delhi Capitals","RR","DC"
"2022-04-21","1304079","Mumbai Indians","Chennai Super Kings","MI","CSK"
"2022-04-20","1304078","Punjab Kings","Delhi Capitals","PBKS","DC"
"2022-04-19","1304077","Royal Challengers Bangalore","Lucknow Super Giants","RCB","LSG"
"2022-04-18","1304076","Rajasthan Royals","Kolkata Knight Riders","RR","KKR"
"2022-04-17","1304075","Chennai Super Kings","Gujarat Titans","CSK","GT"
"2022-04-17","1304074","Punjab Kings","Sunrisers Hyderabad","PBKS","SRH"
"2022-04-16","1304073","Royal Challengers Bangalore","Delhi Capitals","RCB","DC"
"2022-04-16","1304072","Lucknow Super Giants","Mumbai Indians","LSG","MI"
"2022-04-15","1304071","Kolkata Knight Riders","Sunrisers Hyderabad","KKR","SRH"
"2022-04-14","1304070","Gujarat Titans","Rajasthan Royals","GT","RR"
"2022-04-13","1304069","Punjab Kings","Mumbai Indians","PBKS","MI"
"2022-04-12","1304068","Chennai Super Kings","Royal Challengers Bangalore","CSK","RCB"
"2022-04-11","1304067","Gujarat Titans","Sunrisers Hyderabad","GT","SRH"
"2022-04-10","1304066","Rajasthan Royals","Lucknow Super Giants","RR","LSG"
"2022-04-10","1304065","Delhi Capitals","Kolkata Knight Riders","DC","KKR"
"2022-04-09","1304064","Mumbai Indians","Royal Challengers Bangalore","MI","RCB"
"2022-04-09","1304063","Chennai Super Kings","Sunrisers Hyderabad","CSK","SRH"
"2022-04-08","1304062","Punjab Kings","Gujarat Titans","PBKS","GT"
"2022-04-07","1304061","Delhi Capitals","Lucknow Super Giants","DC","LSG"
"2022-04-06","1304060","Mumbai Indians","Kolkata Knight Riders","MI","KKR"
"2022-04-05","1304059","Rajasthan Royals","Royal Challengers Bangalore","RR","RCB"
"2022-04-04","1304058","Lucknow Super Giants","Sunrisers Hyderabad","LSG","SRH"
"2022-04-03","1304057","Punjab Kings","Chennai Super Kings","PBKS","CSK"
"2022-04-02","1304056","Gujarat Titans","Delhi Capitals","GT","DC"
"2022-04-02","1304055","Rajasthan Royals","Mumbai Indians","RR","MI"
"2022-04-01","1304054","Punjab Kings","Kolkata Knight Riders","PBKS","KKR"
"2022-03-31","1304053","Chennai Super Kings","Lucknow Super Giants","CSK","LSG"
"2022-03-30","1304052","Kolkata Knight Riders","Royal Challengers Bangalore","KKR","RCB"
"2022-03-29","1304051","Rajasthan Royals","Sunrisers Hyderabad","RR","SRH"
"2022-03-28","1304050","Lucknow Super Giants","Gujarat Titans","LSG","GT"
"2022-03-27","1304049","Royal Challengers Bangalore","Punjab Kings","RCB","PBKS"
"2022-03-27","1304048","Mumbai Indians","Delhi Capitals","MI","DC"
"2022-03-26","1304047","Chennai Super Kings","Kolkata Knight Riders","CSK","KKR"
"2021-10-15","1254117","Chennai Super Kings","Kolkata Knight Riders","CSK","KKR"
"2021-10-13","1254116","Delhi Capitals","Kolkata Knight Riders","DC","KKR"
"2021-10-11","1254115","Royal Challengers Bangalore","Kolkata Knight Riders","RCB","KKR"
"2021-10-10","1254114","Delhi Capitals","Chennai Super Kings","DC","CSK"
"2021-10-08","1254101","Delhi Capitals","Royal Challengers Bangalore","DC","RCB"
"2021-10-08","1254088","Mumbai Indians","Sunrisers Hyderabad","MI","SRH"
"2021-10-07","1254106","Kolkata Knight Riders","Rajasthan Royals","KKR","RR"
"2021-10-07","1254094","Chennai Super Kings","Punjab Kings","CSK","PBKS"
"2021-10-06","1254095","Sunrisers Hyderabad","Royal Challengers Bangalore","SRH","RCB"
"2021-10-05","1254093","Rajasthan Royals","Mumbai Indians","RR","MI"
"2021-10-04","1254110","Chennai Super Kings","Delhi Capitals","CSK","DC"
"2021-10-03","1254109","Sunrisers Hyderabad","Kolkata Knight Riders","SRH","KKR"
"2021-10-03","1254090","Royal Challengers Bangalore","Punjab Kings","RCB","PBKS"
"2021-10-02","1254112","Mumbai Indians","Delhi Capitals","MI","DC"
"2021-10-02","1254089","Chennai Super Kings","Rajasthan Royals","CSK","RR"
"2021-10-01","1254102","Kolkata Knight Riders","Punjab Kings","KKR","PBKS"
"2021-09-30","1254091","Sunrisers Hyderabad","Chennai Super Kings","SRH","CSK"
"2021-09-29","1254103","Rajasthan Royals","Royal Challengers Bangalore","RR","RCB"
"2021-09-28","1254099","Punjab Kings","Mumbai Indians","PBKS","MI"
"2021-09-28","1254092","Delhi Capitals","Kolkata Knight Riders","DC","KKR"
"2021-09-27","1254100","Rajasthan Royals","Sunrisers Hyderabad","RR","SRH"
"2021-09-26","1254108","Royal Challengers Bangalore","Mumbai Indians","RCB","MI"
"2021-09-26","1254098","Kolkata Knight Riders","Chennai Super Kings","KKR","CSK"
"2021-09-25","1254107","Punjab Kings","Sunrisers Hyderabad","PBKS","SRH"
"2021-09-25","1254097","Delhi Capitals","Rajasthan Royals","DC","RR"
"2021-09-24","1254113","Royal Challengers Bangalore","Chennai Super Kings","RCB","CSK"
"2021-09-23","1254096","Mumbai Indians","Kolkata Knight Riders","MI","KKR"
"2021-09-22","1254105","Sunrisers Hyderabad","Delhi Capitals","SRH","DC"
"2021-09-21","1254111","Rajasthan Royals","Punjab Kings","RR","PBKS"
"2021-09-20","1254087","Royal Challengers Bangalore","Kolkata Knight Riders","RCB","KKR"
"2021-09-19","1254104","Chennai Super Kings","Mumbai Indians","CSK","MI"
"2021-05-02","1254086","Punjab Kings","Delhi Capitals","PBKS","DC"
"2021-05-02","1254085","Rajasthan Royals","Sunrisers Hyderabad","RR","SRH"
"2021-05-01","1254084","Chennai Super Kings","Mumbai Indians","CSK","MI"
"2021-04-30","1254083","Punjab Kings","Royal Challengers Bangalore","PBKS","RCB"
"2021-04-29","1254082","Kolkata Knight Riders","Delhi Capitals","KKR","DC"
"2021-04-29","1254081","Rajasthan Royals","Mumbai Indians","RR","MI"
"2021-04-28","1254080","Sunrisers Hyderabad","Chennai Super Kings","SRH","CSK"
"2021-04-27","1254079","Royal Challengers Bangalore","Delhi Capitals","RCB","DC"
"2021-04-26","1254078","Punjab Kings","Kolkata Knight Riders","PBKS","KKR"
"2021-04-25","1254077","Delhi Capitals","Sunrisers Hyderabad","DC","SRH"
"2021-04-25","1254076","Chennai Super Kings","Royal Challengers Bangalore","CSK","RCB"
"2021-04-24","1254075","Kolkata Knight Riders","Rajasthan Royals","KKR","RR"
"2021-04-23","1254074","Mumbai Indians","Punjab Kings","MI","PBKS"
"2021-04-22","1254073","Rajasthan Royals","Royal Challengers Bangalore","RR","RCB"
"2021-04-21","1254072","Chennai Super Kings","Kolkata Knight Riders","CSK","KKR"
"2021-04-21","1254071","Punjab Kings","Sunrisers Hyderabad","PBKS","SRH"
"2021-04-20","1254070","Mumbai Indians","Delhi Capitals","MI","DC"
"2021-04-19","1254069","Chennai Super Kings","Rajasthan Royals","CSK","RR"
"2021-04-18","1254068","Punjab Kings","Delhi Capitals","PBKS","DC"
"2021-04-18","1254067","Royal Challengers Bangalore","Kolkata Knight Riders","RCB","KKR"
"2021-04-17","1254066","Mumbai Indians","Sunrisers Hyderabad","MI","SRH"
"2021-04-16","1254065","Punjab Kings","Chennai Super Kings","PBKS","CSK"
"2021-04-15","1254064","Delhi Capitals","Rajasthan Royals","DC","RR"
"2021-04-14","1254063","Royal Challengers Bangalore","Sunrisers Hyderabad","RCB","SRH"
"2021-04-13","1254062","Mumbai Indians","Kolkata Knight Riders","MI","KKR"
"2021-04-12","1254061","Punjab Kings","Rajasthan Royals","PBKS","RR"
"2021-04-11","1254060","Kolkata Knight Riders","Sunrisers Hyderabad","KKR","SRH"
"2021-04-10","1254059","Chennai Super Kings","Delhi Capitals","CSK","DC"
"2021-04-09","1254058","Mumbai Indians","Royal Challengers Bangalore","MI","RCB"
"2020-11-10","1237181","Delhi Capitals","Mumbai Indians","DC","MI"
"2020-11-08","1237180","Delhi Capitals","Sunrisers Hyderabad","DC","SRH"
"2020-11-06","1237178","Royal Challengers Bangalore","Sunrisers Hyderabad","RCB","SRH"
"2020-11-05","1237177","Mumbai Indians","Delhi Capitals","MI","DC"
"2020-11-03","1216495","Mumbai Indians","Sunrisers Hyderabad","MI","SRH"
"2020-11-02","1216505","Royal Challengers Bangalore","Delhi Capitals","RCB","DC"
"2020-11-01","1216530","Kolkata Knight Riders","Rajasthan Royals","KKR","RR"
"2020-11-01","1216506","Kings XI Punjab","Chennai Super Kings","PBKS","CSK"
"2020-10-31","1216535","Delhi Capitals","Mumbai Indians","DC","MI"
"2020-10-31","1216502","Royal Challengers Bangalore","Sunrisers Hyderabad","RCB","SRH"
"2020-10-30","1216537","Kings XI Punjab","Rajasthan Royals","PBKS","RR"
"2020-10-29","1216536","Kolkata Knight Riders","Chennai Super Kings","KKR","CSK"
"2020-10-28","1216499","Royal Challengers Bangalore","Mumbai Indians","RCB","MI"
"2020-10-27","1216524","Sunrisers Hyderabad","Delhi Capitals","SRH","DC"
"2020-10-26","1216520","Kolkata Knight Riders","Kings XI Punjab","KKR","PBKS"
"2020-10-25","1216544","Royal Challengers Bangalore","Chennai Super Kings","RCB","CSK"
"2020-10-25","1216541","Mumbai Indians","Rajasthan Royals","MI","RR"
"2020-10-24","1216498","Kings XI Punjab","Sunrisers Hyderabad","PBKS","SRH"
"2020-10-24","1216497","Kolkata Knight Riders","Delhi Capitals","KKR","DC"
"2020-10-23","1216521","Chennai Super Kings","Mumbai Indians","CSK","MI"
"2020-10-22","1216518","Rajasthan Royals","Sunrisers Hyderabad","RR","SRH"
"2020-10-21","1216494","Kolkata Knight Riders","Royal Challengers Bangalore","KKR","RCB"
"2020-10-20","1216546","Delhi Capitals","Kings XI Punjab","DC","PBKS"
"2020-10-19","1216533","Chennai Super Kings","Rajasthan Royals","CSK","RR"
"2020-10-18","1216517","Mumbai Indians","Kings XI Punjab","MI","PBKS"
"2020-10-18","1216512","Kolkata Knight Riders","Sunrisers Hyderabad","KKR","SRH"
"2020-10-17","1216522","Rajasthan Royals","Royal Challengers Bangalore","RR","RCB"
"2020-10-17","1216509","Chennai Super Kings","Delhi Capitals","CSK","DC"
"2020-10-16","1216526","Kolkata Knight Riders","Mumbai Indians","KKR","MI"
"2020-10-15","1216531","Royal Challengers Bangalore","Kings XI Punjab","RCB","PBKS"
"2020-10-14","1216543","Delhi Capitals","Rajasthan Royals","DC","RR"
"2020-10-13","1216528","Chennai Super Kings","Sunrisers Hyderabad","CSK","SRH"
"2020-10-12","1216540","Royal Challengers Bangalore","Kolkata Knight Riders","RCB","KKR"
"2020-10-11","1216529","Delhi Capitals","Mumbai Indians","DC","MI"
"2020-10-11","1216507","Sunrisers Hyderabad","Rajasthan Royals","SRH","RR"
"2020-10-10","1216525","Royal Challengers Bangalore","Chennai Super Kings","RCB","CSK"
"2020-10-10","1216523","Kolkata Knight Riders","Kings XI Punjab","KKR","PBKS"
"2020-10-09","1216500","Delhi Capitals","Rajasthan Royals","DC","RR"
"2020-10-08","1216542","Sunrisers Hyderabad","Kings XI Punjab","SRH","PBKS"
"2020-10-07","1216501","Kolkata Knight Riders","Chennai Super Kings","KKR","CSK"
"2020-10-06","1216511","Mumbai Indians","Rajasthan Royals","MI","RR"
"2020-10-05","1216519","Delhi Capitals","Royal Challengers Bangalore","DC","RCB"
"2020-10-04","1216538","Mumbai Indians","Sunrisers Hyderabad","MI","SRH"
"2020-10-04","1216513","Kings XI Punjab","Chennai Super Kings","PBKS","CSK"
"2020-10-03","1216515","Delhi Capitals","Kolkata Knight Riders","DC","KKR"
"2020-10-03","1216514","Rajasthan Royals","Royal Challengers Bangalore","RR","RCB"
"2020-10-02","1216516","Sunrisers Hyderabad","Chennai Super Kings","SRH","CSK"
"2020-10-01","1216503","Mumbai Indians","Kings XI Punjab","MI","PBKS"
"2020-09-30","1216504","Kolkata Knight Riders","Rajasthan Royals","KKR","RR"
"2020-09-29","1216532","Sunrisers Hyderabad","Delhi Capitals","SRH","DC"
"2020-09-28","1216547","Royal Challengers Bangalore","Mumbai Indians","RCB","MI"
"2020-09-27","1216527","Kings XI Punjab","Rajasthan Royals","PBKS","RR"
"2020-09-26","1216545","Sunrisers Hyderabad","Kolkata Knight Riders","SRH","KKR"
"2020-09-25","1216539","Delhi Capitals","Chennai Super Kings","DC","CSK"
"2020-09-24","1216510","Kings XI Punjab","Royal Challengers Bangalore","PBKS","RCB"
"2020-09-23","1216508","Mumbai Indians","Kolkata Knight Riders","MI","KKR"
"2020-09-22","1216496","Rajasthan Royals","Chennai Super Kings","RR","CSK"
"2020-09-21","1216534","Royal Challengers Bangalore","Sunrisers Hyderabad","RCB","SRH"
"2020-09-20","1216493","Delhi Capitals","Kings XI Punjab","DC","PBKS"
"2020-09-19","1216492","Mumbai Indians","Chennai Super Kings","MI","CSK"
"2019-05-12","1181768","Mumbai Indians","Chennai Super Kings","MI","CSK"
"2019-05-10","1181767","Chennai Super Kings","Delhi Capitals","CSK","DC"
"2019-05-08","1181766","Delhi Capitals","Sunrisers Hyderabad","DC","SRH"
"2019-05-07","1181764","Mumbai Indians","Chennai Super Kings","MI","CSK"
"2019-05-05","1178431","Mumbai Indians","Kolkata Knight Riders","MI","KKR"
"2019-05-05","1178430","Kings XI Punjab","Chennai Super Kings","PBKS","CSK"
"2019-05-04","1178429","Royal Challengers Bangalore","Sunrisers Hyderabad","RCB","SRH"
"2019-05-04","1178428","Delhi Capitals","Rajasthan Royals","DC","RR"
"2019-05-03","1178427","Kings XI Punjab","Kolkata Knight Riders","PBKS","KKR"
"2019-05-02","1178426","Mumbai Indians","Sunrisers Hyderabad","MI","SRH"
"2019-05-01","1178425","Chennai Super Kings","Delhi Capitals","CSK","DC"
"2019-04-30","1178424","Royal Challengers Bangalore","Rajasthan Royals","RCB","RR"
"2019-04-29","1178423","Sunrisers Hyderabad","Kings XI Punjab","SRH","PBKS"
"2019-04-28","1178422","Kolkata Knight Riders","Mumbai Indians","KKR","MI"
"2019-04-28","1178421","Delhi Capitals","Royal Challengers Bangalore","DC","RCB"
"2019-04-27","1178420","Rajasthan Royals","Sunrisers Hyderabad","RR","SRH"
"2019-04-26","1178419","Chennai Super Kings","Mumbai Indians","CSK","MI"
"2019-04-25","1178418","Kolkata Knight Riders","Rajasthan Royals","KKR","RR"
"2019-04-24","1178417","Royal Challengers Bangalore","Kings XI Punjab","RCB","PBKS"
"2019-04-23","1178416","Chennai Super Kings","Sunrisers Hyderabad","CSK","SRH"
"2019-04-22","1178415","Rajasthan Royals","Delhi Capitals","RR","DC"
"2019-04-21","1178414","Royal Challengers Bangalore","Chennai Super Kings","RCB","CSK"
"2019-04-21","1178413","Sunrisers Hyderabad","Kolkata Knight Riders","SRH","KKR"
"2019-04-20","1178412","Delhi Capitals","Kings XI Punjab","DC","PBKS"
"2019-04-20","1178411","Rajasthan Royals","Mumbai Indians","RR","MI"
"2019-04-19","1178410","Kolkata Knight Riders","Royal Challengers Bangalore","KKR","RCB"
"2019-04-18","1178409","Delhi Capitals","Mumbai Indians","DC","MI"
"2019-04-17","1178408","Sunrisers Hyderabad","Chennai Super Kings","SRH","CSK"
"2019-04-16","1178407","Kings XI Punjab","Rajasthan Royals","PBKS","RR"
"2019-04-15","1178406","Mumbai Indians","Royal Challengers Bangalore","MI","RCB"
"2019-04-14","1178405","Sunrisers Hyderabad","Delhi Capitals","SRH","DC"
"2019-04-14","1178404","Kolkata Knight Riders","Chennai Super Kings","KKR","CSK"
"2019-04-13","1178403","Kings XI Punjab","Royal Challengers Bangalore","PBKS","RCB"
"2019-04-13","1178402","Mumbai Indians","Rajasthan Royals","MI","RR"
"2019-04-12","1178401","Kolkata Knight Riders","Delhi Capitals","KKR","DC"
"2019-04-11","1178400","Rajasthan Royals","Chennai Super Kings","RR","CSK"
"2019-04-10","1178399","Mumbai Indians","Kings XI Punjab","MI","PBKS"
"2019-04-09","1178398","Chennai Super Kings","Kolkata Knight Riders","CSK","KKR"
"2019-04-08","1178397","Kings XI Punjab","Sunrisers Hyderabad","PBKS","SRH"
"2019-04-07","1178396","Rajasthan Royals","Kolkata Knight Riders","RR","KKR"
"2019-04-07","1178395","Royal Challengers Bangalore","Delhi Capitals","RCB","DC"
"2019-04-06","1178394","Sunrisers Hyderabad","Mumbai Indians","SRH","MI"
"2019-04-06","1178393","Chennai Super Kings","Kings XI Punjab","CSK","PBKS"
"2019-04-05","1175372","Royal Challengers Bangalore","Kolkata Knight Riders","RCB","KKR"
"2019-04-04","1175371","Delhi Capitals","Sunrisers Hyderabad","DC","SRH"
"2019-04-03","1175370","Mumbai Indians","Chennai Super Kings","MI","CSK"
"2019-04-02","1175369","Rajasthan Royals","Royal Challengers Bangalore","RR","RCB"
"2019-04-01","1175368","Kings XI Punjab","Delhi Capitals","PBKS","DC"
"2019-03-31","1175367","Chennai Super Kings","Rajasthan Royals","CSK","RR"
"2019-03-31","1175366","Sunrisers Hyderabad","Royal Challengers Bangalore","SRH","RCB"
"2019-03-30","1175365","Delhi Capitals","Kolkata Knight Riders","DC","KKR"
"2019-03-30","1175364","Kings XI Punjab","Mumbai Indians","PBKS","MI"
"2019-03-29","1175363","Sunrisers Hyderabad","Rajasthan Royals","SRH","RR"
"2019-03-28","1175362","Royal Challengers Bangalore","Mumbai Indians","RCB","MI"
"2019-03-27","1175361","Kolkata Knight Riders","Kings XI Punjab","KKR","PBKS"
"2019-03-26","1175360","Delhi Capitals","Chennai Super Kings","DC","CSK"
"2019-03-25","1175359","Rajasthan Royals","Kings XI Punjab","RR","PBKS"
"2019-03-24","1175358","Mumbai Indians","Delhi Capitals","MI","DC"
"2019-03-24","1175357","Kolkata Knight Riders","Sunrisers Hyderabad","KKR","SRH"
"2019-03-23","1175356","Chennai Super Kings","Royal Challengers Bangalore","CSK","RCB"
"2018-05-27","1136620","Chennai Super Kings","Sunrisers Hyderabad","CSK","SRH"
"2018-05-25","1136619","Kolkata Knight Riders","Sunrisers Hyderabad","KKR","SRH"
"2018-05-23","1136618","Kolkata Knight Riders","Rajasthan Royals","KKR","RR"
"2018-05-22","1136617","Sunrisers Hyderabad","Chennai Super Kings","SRH","CSK"
"2018-05-20","1136616","Chennai Super Kings","Kings XI Punjab","CSK","PBKS"
"2018-05-20","1136615","Delhi Daredevils","Mumbai Indians","DC","MI"
"2018-05-19","1136614","Sunrisers Hyderabad","Kolkata Knight Riders","SRH","KKR"
"2018-05-19","1136613","Rajasthan Royals","Royal Challengers Bangalore","RR","RCB"
"2018-05-18","1136612","Delhi Daredevils","Chennai Super Kings","DC","CSK"
"2018-05-17","1136611","Royal Challengers Bangalore","Sunrisers Hyderabad","RCB","SRH"
"2018-05-16","1136610","Mumbai Indians","Kings XI Punjab","MI","PBKS"
"2018-05-15","1136609","Kolkata Knight Riders","Rajasthan Royals","KKR","RR"
"2018-05-14","1136608","Kings XI Punjab","Royal Challengers Bangalore","PBKS","RCB"
"2018-05-13","1136607","Mumbai Indians","Rajasthan Royals","MI","RR"
"2018-05-13","1136606","Chennai Super Kings","Sunrisers Hyderabad","CSK","SRH"
"2018-05-12","1136605","Delhi Daredevils","Royal Challengers Bangalore","DC","RCB"
"2018-05-12","1136604","Kings XI Punjab","Kolkata Knight Riders","PBKS","KKR"
"2018-05-11","1136603","Rajasthan Royals","Chennai Super Kings","RR","CSK"
"2018-05-10","1136602","Delhi Daredevils","Sunrisers Hyderabad","DC","SRH"
"2018-05-09","1136601","Kolkata Knight Riders","Mumbai Indians","KKR","MI"
"2018-05-08","1136600","Rajasthan Royals","Kings XI Punjab","RR","PBKS"
"2018-05-07","1136599","Sunrisers Hyderabad","Royal Challengers Bangalore","SRH","RCB"
"2018-05-06","1136598","Kings XI Punjab","Rajasthan Royals","PBKS","RR"
"2018-05-06","1136597","Mumbai Indians","Kolkata Knight Riders","MI","KKR"
"2018-05-05","1136596","Sunrisers Hyderabad","Delhi Daredevils","SRH","DC"
"2018-05-05","1136595","Chennai Super Kings","Royal Challengers Bangalore","CSK","RCB"
"2018-05-04","1136594","Kings XI Punjab","Mumbai Indians","PBKS","MI"
"2018-05-03","1136593","Kolkata Knight Riders","Chennai Super Kings","KKR","CSK"
"2018-05-02","1136592","Delhi Daredevils","Rajasthan Royals","DC","RR"
"2018-05-01","1136591","Royal Challengers Bangalore","Mumbai Indians","RCB","MI"
"2018-04-30","1136590","Chennai Super Kings","Delhi Daredevils","CSK","DC"
"2018-04-29","1136589","Royal Challengers Bangalore","Kolkata Knight Riders","RCB","KKR"
"2018-04-29","1136588","Rajasthan Royals","Sunrisers Hyderabad","RR","SRH"
"2018-04-28","1136587","Chennai Super Kings","Mumbai Indians","CSK","MI"
"2018-04-27","1136586","Delhi Daredevils","Kolkata Knight Riders","DC","KKR"
"2018-04-26","1136585","Sunrisers Hyderabad","Kings XI Punjab","SRH","PBKS"
"2018-04-25","1136584","Royal Challengers Bangalore","Chennai Super Kings","RCB","CSK"
"2018-04-24","1136583","Mumbai Indians","Sunrisers Hyderabad","MI","SRH"
"2018-04-23","1136582","Delhi Daredevils","Kings XI Punjab","DC","PBKS"
"2018-04-22","1136581","Rajasthan Royals","Mumbai Indians","RR","MI"
"2018-04-22","1136580","Sunrisers Hyderabad","Chennai Super Kings","SRH","CSK"
"2018-04-21","1136579","Royal Challengers Bangalore","Delhi Daredevils","RCB","DC"
"2018-04-21","1136578","Kolkata Knight Riders","Kings XI Punjab","KKR","PBKS"
"2018-04-20","1136577","Chennai Super Kings","Rajasthan Royals","CSK","RR"
"2018-04-19","1136576","Kings XI Punjab","Sunrisers Hyderabad","PBKS","SRH"
"2018-04-18","1136575","Rajasthan Royals","Kolkata Knight Riders","RR","KKR"
"2018-04-17","1136574","Mumbai Indians","Royal Challengers Bangalore","MI","RCB"
"2018-04-16","1136573","Kolkata Knight Riders","Delhi Daredevils","KKR","DC"
"2018-04-15","1136572","Kings XI Punjab","Chennai Super Kings","PBKS","CSK"
"2018-04-15","1136571","Royal Challengers Bangalore","Rajasthan Royals","RCB","RR"
"2018-04-14","1136570","Kolkata Knight Riders","Sunrisers Hyderabad","KKR","SRH"
"2018-04-14","1136569","Mumbai Indians","Delhi Daredevils","MI","DC"
"2018-04-13","1136568","Royal Challengers Bangalore","Kings XI Punjab","RCB","PBKS"
"2018-04-12","1136567","Sunrisers Hyderabad","Mumbai Indians","SRH","MI"
"2018-04-11","1136566","Rajasthan Royals","Delhi Daredevils","RR","DC"
"2018-04-10","1136565","Chennai Super Kings","Kolkata Knight Riders","CSK","KKR"
"2018-04-09","1136564","Sunrisers Hyderabad","Rajasthan Royals","SRH","RR"
"2018-04-08","1136563","Kolkata Knight Riders","Royal Challengers Bangalore","KKR","RCB"
"2018-04-08","1136562","Kings XI Punjab","Delhi Daredevils","PBKS","DC"
"2018-04-07","1136561","Mumbai Indians","Chennai Super Kings","MI","CSK"
"2017-05-21","1082650","Mumbai Indians","Rising Pune Supergiant","MI","RPS"
"2017-05-19","1082649","Mumbai Indians","Kolkata Knight Riders","MI","KKR"
"2017-05-17","1082648","Sunrisers Hyderabad","Kolkata Knight Riders","SRH","KKR"
"2017-05-16","1082647","Mumbai Indians","Rising Pune Supergiant","MI","RPS"
"2017-05-14","1082646","Delhi Daredevils","Royal Challengers Bangalore","DC","RCB"
"2017-05-14","1082645","Rising Pune Supergiant","Kings XI Punjab","RPS","PBKS"
"2017-05-13","1082644","Kolkata Knight Riders","Mumbai Indians","KKR","MI"
"2017-05-13","1082643","Gujarat Lions","Sunrisers Hyderabad","GL","SRH"
"2017-05-12","1082642","Delhi Daredevils","Rising Pune Supergiant","DC","RPS"
"2017-05-11","1082641","Mumbai Indians","Kings XI Punjab","MI","PBKS"
"2017-05-10","1082640","Gujarat Lions","Delhi Daredevils","GL","DC"
"2017-05-09","1082639","Kings XI Punjab","Kolkata Knight Riders","PBKS","KKR"
"2017-05-08","1082638","Sunrisers Hyderabad","Mumbai Indians","SRH","MI"
"2017-05-07","1082637","Kings XI Punjab","Gujarat Lions","PBKS","GL"
"2017-05-07","1082636","Royal Challengers Bangalore","Kolkata Knight Riders","RCB","KKR"
"2017-05-06","1082635","Delhi Daredevils","Mumbai Indians","DC","MI"
"2017-05-06","1082634","Sunrisers Hyderabad","Rising Pune Supergiant","SRH","RPS"
"2017-05-05","1082633","Royal Challengers Bangalore","Kings XI Punjab","RCB","PBKS"
"2017-05-04","1082632","Delhi Daredevils","Gujarat Lions","DC","GL"
"2017-05-03","1082631","Kolkata Knight Riders","Rising Pune Supergiant","KKR","RPS"
"2017-05-02","1082630","Delhi Daredevils","Sunrisers Hyderabad","DC","SRH"
"2017-05-01","1082629","Rising Pune Supergiant","Gujarat Lions","RPS","GL"
"2017-05-01","1082628","Mumbai Indians","Royal Challengers Bangalore","MI","RCB"
"2017-04-30","1082627","Sunrisers Hyderabad","Kolkata Knight Riders","SRH","KKR"
"2017-04-30","1082626","Kings XI Punjab","Delhi Daredevils","PBKS","DC"
"2017-04-29","1082625","Gujarat Lions","Mumbai Indians","GL","MI"
"2017-04-29","1082624","Rising Pune Supergiant","Royal Challengers Bangalore","RPS","RCB"
"2017-04-28","1082623","Kings XI Punjab","Sunrisers Hyderabad","PBKS","SRH"
"2017-04-28","1082622","Kolkata Knight Riders","Delhi Daredevils","KKR","DC"
"2017-04-27","1082621","Royal Challengers Bangalore","Gujarat Lions","RCB","GL"
"2017-04-26","1082620","Rising Pune Supergiant","Kolkata Knight Riders","RPS","KKR"
"2017-04-24","1082618","Mumbai Indians","Rising Pune Supergiant","MI","RPS"
"2017-04-23","1082617","Kolkata Knight Riders","Royal Challengers Bangalore","KKR","RCB"
"2017-04-23","1082616","Gujarat Lions","Kings XI Punjab","GL","PBKS"
"2017-04-22","1082615","Rising Pune Supergiant","Sunrisers Hyderabad","RPS","SRH"
"2017-04-22","1082614","Mumbai Indians","Delhi Daredevils","MI","DC"
"2017-04-21","1082613","Kolkata Knight Riders","Gujarat Lions","KKR","GL"
"2017-04-20","1082612","Kings XI Punjab","Mumbai Indians","PBKS","MI"
"2017-04-19","1082611","Sunrisers Hyderabad","Delhi Daredevils","SRH","DC"
"2017-04-18","1082610","Gujarat Lions","Royal Challengers Bangalore","GL","RCB"
"2017-04-17","1082609","Sunrisers Hyderabad","Kings XI Punjab","SRH","PBKS"
"2017-04-17","1082608","Delhi Daredevils","Kolkata Knight Riders","DC","KKR"
"2017-04-16","1082607","Royal Challengers Bangalore","Rising Pune Supergiant","RCB","RPS"
"2017-04-16","1082606","Mumbai Indians","Gujarat Lions","MI","GL"
"2017-04-15","1082605","Delhi Daredevils","Kings XI Punjab","DC","PBKS"
"2017-04-15","1082604","Kolkata Knight Riders","Sunrisers Hyderabad","KKR","SRH"
"2017-04-14","1082603","Gujarat Lions","Rising Pune Supergiant","GL","RPS"
"2017-04-14","1082602","Royal Challengers Bangalore","Mumbai Indians","RCB","MI"
"2017-04-13","1082601","Kolkata Knight Riders","Kings XI Punjab","KKR","PBKS"
"2017-04-12","1082600","Mumbai Indians","Sunrisers Hyderabad","MI","SRH"
"2017-04-11","1082599","Rising Pune Supergiant","Delhi Daredevils","RPS","DC"
"2017-04-10","1082598","Kings XI Punjab","Royal Challengers Bangalore","PBKS","RCB"
"2017-04-09","1082597","Mumbai Indians","Kolkata Knight Riders","MI","KKR"
"2017-04-09","1082596","Sunrisers Hyderabad","Gujarat Lions","SRH","GL"
"2017-04-08","1082595","Royal Challengers Bangalore","Delhi Daredevils","RCB","DC"
"2017-04-08","1082594","Kings XI Punjab","Rising Pune Supergiant","PBKS","RPS"
"2017-04-07","1082593","Gujarat Lions","Kolkata Knight Riders","GL","KKR"
"2017-04-06","1082592","Rising Pune Supergiant","Mumbai Indians","RPS","MI"
"2017-04-05","1082591","Sunrisers Hyderabad","Royal Challengers Bangalore","SRH","RCB"
"2016-05-29","981019","Royal Challengers Bangalore","Sunrisers Hyderabad","RCB","SRH"
"2016-05-27","981017","Gujarat Lions","Sunrisers Hyderabad","GL","SRH"
"2016-05-25","981015","Sunrisers Hyderabad","Kolkata Knight Riders","SRH","KKR"
"2016-05-24","981013","Gujarat Lions","Royal Challengers Bangalore","GL","RCB"
"2016-05-22","981011","Delhi Daredevils","Royal Challengers Bangalore","DC","RCB"
"2016-05-22","981009","Kolkata Knight Riders","Sunrisers Hyderabad","KKR","SRH"
"2016-05-21","981007","Gujarat Lions","Mumbai Indians","GL","MI"
"2016-05-21","981005","Rising Pune Supergiants","Kings XI Punjab","RPD","PBKS"
"2016-05-20","981003","Delhi Daredevils","Sunrisers Hyderabad","DC","SRH"
"2016-05-19","981001","Gujarat Lions","Kolkata Knight Riders","GL","KKR"
"2016-05-18","980999","Royal Challengers Bangalore","Kings XI Punjab","RCB","PBKS"
"2016-05-17","980997","Rising Pune Supergiants","Delhi Daredevils","RPD","DC"
"2016-05-16","980995","Kolkata Knight Riders","Royal Challengers Bangalore","KKR","RCB"
"2016-05-15","980993","Mumbai Indians","Delhi Daredevils","MI","DC"
"2016-05-15","980991","Kings XI Punjab","Sunrisers Hyderabad","PBKS","SRH"
"2016-05-14","980989","Kolkata Knight Riders","Rising Pune Supergiants","KKR","RPD"
"2016-05-14","980987","Royal Challengers Bangalore","Gujarat Lions","RCB","GL"
"2016-05-13","980985","Mumbai Indians","Kings XI Punjab","MI","PBKS"
"2016-05-12","980983","Sunrisers Hyderabad","Delhi Daredevils","SRH","DC"
"2016-05-11","980981","Royal Challengers Bangalore","Mumbai Indians","RCB","MI"
"2016-05-10","980979","Rising Pune Supergiants","Sunrisers Hyderabad","RPD","SRH"
"2016-05-09","980977","Kings XI Punjab","Royal Challengers Bangalore","PBKS","RCB"
"2016-05-08","980975","Kolkata Knight Riders","Gujarat Lions","KKR","GL"
"2016-05-08","980973","Mumbai Indians","Sunrisers Hyderabad","MI","SRH"
"2016-05-07","980971","Kings XI Punjab","Delhi Daredevils","PBKS","DC"
"2016-05-07","980969","Royal Challengers Bangalore","Rising Pune Supergiants","RCB","RPD"
"2016-05-06","980967","Sunrisers Hyderabad","Gujarat Lions","SRH","GL"
"2016-05-05","980965","Delhi Daredevils","Rising Pune Supergiants","DC","RPD"
"2016-05-04","980963","Kolkata Knight Riders","Kings XI Punjab","KKR","PBKS"
"2016-05-03","980961","Gujarat Lions","Delhi Daredevils","GL","DC"
"2016-05-02","980959","Royal Challengers Bangalore","Kolkata Knight Riders","RCB","KKR"
"2016-05-01","980957","Rising Pune Supergiants","Mumbai Indians","RPD","MI"
"2016-05-01","980955","Gujarat Lions","Kings XI Punjab","GL","PBKS"
"2016-04-30","980953","Sunrisers Hyderabad","Royal Challengers Bangalore","SRH","RCB"
"2016-04-30","980951","Delhi Daredevils","Kolkata Knight Riders","DC","KKR"
"2016-04-29","980949","Rising Pune Supergiants","Gujarat Lions","RPD","GL"
"2016-04-28","980947","Mumbai Indians","Kolkata Knight Riders","MI","KKR"
"2016-04-27","980945","Delhi Daredevils","Gujarat Lions","DC","GL"
"2016-04-26","980943","Sunrisers Hyderabad","Rising Pune Supergiants","SRH","RPD"
"2016-04-25","980941","Kings XI Punjab","Mumbai Indians","PBKS","MI"
"2016-04-24","980939","Rising Pune Supergiants","Kolkata Knight Riders","RPD","KKR"
"2016-04-24","980937","Gujarat Lions","Royal Challengers Bangalore","GL","RCB"
"2016-04-23","980935","Sunrisers Hyderabad","Kings XI Punjab","SRH","PBKS"
"2016-04-23","980933","Delhi Daredevils","Mumbai Indians","DC","MI"
"2016-04-22","980931","Rising Pune Supergiants","Royal Challengers Bangalore","RPD","RCB"
"2016-04-21","980929","Gujarat Lions","Sunrisers Hyderabad","GL","SRH"
"2016-04-20","980927","Mumbai Indians","Royal Challengers Bangalore","MI","RCB"
"2016-04-19","980925","Kings XI Punjab","Kolkata Knight Riders","PBKS","KKR"
"2016-04-18","980923","Sunrisers Hyderabad","Mumbai Indians","SRH","MI"
"2016-04-17","980921","Royal Challengers Bangalore","Delhi Daredevils","RCB","DC"
"2016-04-17","980919","Kings XI Punjab","Rising Pune Supergiants","PBKS","RPD"
"2016-04-16","980917","Mumbai Indians","Gujarat Lions","MI","GL"
"2016-04-16","980915","Sunrisers Hyderabad","Kolkata Knight Riders","SRH","KKR"
"2016-04-15","980913","Delhi Daredevils","Kings XI Punjab","DC","PBKS"
"2016-04-14","980911","Gujarat Lions","Rising Pune Supergiants","GL","RPD"
"2016-04-13","980909","Kolkata Knight Riders","Mumbai Indians","KKR","MI"
"2016-04-12","980907","Royal Challengers Bangalore","Sunrisers Hyderabad","RCB","SRH"
"2016-04-11","980905","Kings XI Punjab","Gujarat Lions","PBKS","GL"
"2016-04-10","980903","Kolkata Knight Riders","Delhi Daredevils","KKR","DC"
"2016-04-09","980901","Mumbai Indians","Rising Pune Supergiants","MI","RPD"
"2015-05-24","829823","Mumbai Indians","Chennai Super Kings","MI","CSK"
"2015-05-22","829821","Chennai Super Kings","Royal Challengers Bangalore","CSK","RCB"
"2015-05-20","829819","Royal Challengers Bangalore","Rajasthan Royals","RCB","RR"
"2015-05-19","829817","Chennai Super Kings","Mumbai Indians","CSK","MI"
"2015-05-17","829815","Sunrisers Hyderabad","Mumbai Indians","SRH","MI"
"2015-05-17","829813","Royal Challengers Bangalore","Delhi Daredevils","RCB","DC"
"2015-05-16","829811","Rajasthan Royals","Kolkata Knight Riders","RR","KKR"
"2015-05-16","829809","Kings XI Punjab","Chennai Super Kings","PBKS","CSK"
"2015-05-15","829807","Sunrisers Hyderabad","Royal Challengers Bangalore","SRH","RCB"
"2015-05-14","829805","Mumbai Indians","Kolkata Knight Riders","MI","KKR"
"2015-05-13","829803","Kings XI Punjab","Royal Challengers Bangalore","PBKS","RCB"
"2015-05-12","829801","Delhi Daredevils","Chennai Super Kings","DC","CSK"
"2015-05-11","829799","Sunrisers Hyderabad","Kings XI Punjab","SRH","PBKS"
"2015-05-10","829797","Chennai Super Kings","Rajasthan Royals","CSK","RR"
"2015-05-10","829795","Mumbai Indians","Royal Challengers Bangalore","MI","RCB"
"2015-05-09","829793","Delhi Daredevils","Sunrisers Hyderabad","DC","SRH"
"2015-05-09","829791","Kolkata Knight Riders","Kings XI Punjab","KKR","PBKS"
"2015-05-08","829789","Chennai Super Kings","Mumbai Indians","CSK","MI"
"2015-05-07","829787","Rajasthan Royals","Sunrisers Hyderabad","RR","SRH"
"2015-05-07","829761","Kolkata Knight Riders","Delhi Daredevils","KKR","DC"
"2015-05-06","829785","Royal Challengers Bangalore","Kings XI Punjab","RCB","PBKS"
"2015-05-05","829783","Mumbai Indians","Delhi Daredevils","MI","DC"
"2015-05-04","829781","Kolkata Knight Riders","Sunrisers Hyderabad","KKR","SRH"
"2015-05-04","829779","Chennai Super Kings","Royal Challengers Bangalore","CSK","RCB"
"2015-05-03","829777","Rajasthan Royals","Delhi Daredevils","RR","DC"
"2015-05-03","829775","Kings XI Punjab","Mumbai Indians","PBKS","MI"
"2015-05-02","829773","Sunrisers Hyderabad","Chennai Super Kings","SRH","CSK"
"2015-05-02","829771","Royal Challengers Bangalore","Kolkata Knight Riders","RCB","KKR"
"2015-05-01","829769","Mumbai Indians","Rajasthan Royals","MI","RR"
"2015-05-01","829767","Delhi Daredevils","Kings XI Punjab","DC","PBKS"
"2015-04-30","829723","Kolkata Knight Riders","Chennai Super Kings","KKR","CSK"
"2015-04-29","829763","Royal Challengers Bangalore","Rajasthan Royals","RCB","RR"
"2015-04-28","829765","Chennai Super Kings","Kolkata Knight Riders","CSK","KKR"
"2015-04-27","829759","Kings XI Punjab","Sunrisers Hyderabad","PBKS","SRH"
"2015-04-26","829757","Delhi Daredevils","Royal Challengers Bangalore","DC","RCB"
"2015-04-25","829753","Chennai Super Kings","Kings XI Punjab","CSK","PBKS"
"2015-04-25","829751","Mumbai Indians","Sunrisers Hyderabad","MI","SRH"
"2015-04-24","829749","Rajasthan Royals","Royal Challengers Bangalore","RR","RCB"
"2015-04-23","829747","Delhi Daredevils","Mumbai Indians","DC","MI"
"2015-04-22","829745","Royal Challengers Bangalore","Chennai Super Kings","RCB","CSK"
"2015-04-22","829743","Sunrisers Hyderabad","Kolkata Knight Riders","SRH","KKR"
"2015-04-21","829741","Rajasthan Royals","Kings XI Punjab","RR","PBKS"
"2015-04-20","829739","Delhi Daredevils","Kolkata Knight Riders","DC","KKR"
"2015-04-19","829737","Royal Challengers Bangalore","Mumbai Indians","RCB","MI"
"2015-04-19","829735","Rajasthan Royals","Chennai Super Kings","RR","CSK"
"2015-04-18","829733","Kings XI Punjab","Kolkata Knight Riders","PBKS","KKR"
"2015-04-18","829731","Sunrisers Hyderabad","Delhi Daredevils","SRH","DC"
"2015-04-17","829729","Mumbai Indians","Chennai Super Kings","MI","CSK"
"2015-04-16","829727","Sunrisers Hyderabad","Rajasthan Royals","SRH","RR"
"2015-04-15","829725","Kings XI Punjab","Delhi Daredevils","PBKS","DC"
"2015-04-14","829721","Rajasthan Royals","Mumbai Indians","RR","MI"
"2015-04-13","829719","Royal Challengers Bangalore","Sunrisers Hyderabad","RCB","SRH"
"2015-04-12","829717","Mumbai Indians","Kings XI Punjab","MI","PBKS"
"2015-04-12","829715","Delhi Daredevils","Rajasthan Royals","DC","RR"
"2015-04-11","829713","Kolkata Knight Riders","Royal Challengers Bangalore","KKR","RCB"
"2015-04-11","829711","Chennai Super Kings","Sunrisers Hyderabad","CSK","SRH"
"2015-04-10","829709","Kings XI Punjab","Rajasthan Royals","PBKS","RR"
"2015-04-09","829707","Chennai Super Kings","Delhi Daredevils","CSK","DC"
"2015-04-08","829705","Kolkata Knight Riders","Mumbai Indians","KKR","MI"
"2014-06-01","734049","Kolkata Knight Riders","Kings XI Punjab","KKR","PBKS"
"2014-05-30","734047","Chennai Super Kings","Kings XI Punjab","CSK","PBKS"
"2014-05-28","734045","Chennai Super Kings","Mumbai Indians","CSK","MI"
"2014-05-27","734043","Kings XI Punjab","Kolkata Knight Riders","PBKS","KKR"
"2014-05-25","734041","Mumbai Indians","Rajasthan Royals","MI","RR"
"2014-05-25","734039","Kings XI Punjab","Delhi Daredevils","PBKS","DC"
"2014-05-24","734037","Kolkata Knight Riders","Sunrisers Hyderabad","KKR","SRH"
"2014-05-24","734035","Royal Challengers Bangalore","Chennai Super Kings","RCB","CSK"
"2014-05-23","734033","Kings XI Punjab","Rajasthan Royals","PBKS","RR"
"2014-05-23","734031","Mumbai Indians","Delhi Daredevils","MI","DC"
"2014-05-22","734029","Chennai Super Kings","Sunrisers Hyderabad","CSK","SRH"
"2014-05-22","734027","Kolkata Knight Riders","Royal Challengers Bangalore","KKR","RCB"
"2014-05-21","734025","Kings XI Punjab","Mumbai Indians","PBKS","MI"
"2014-05-20","734023","Kolkata Knight Riders","Chennai Super Kings","KKR","CSK"
"2014-05-20","734021","Sunrisers Hyderabad","Royal Challengers Bangalore","SRH","RCB"
"2014-05-19","734019","Delhi Daredevils","Kings XI Punjab","DC","PBKS"
"2014-05-19","734017","Rajasthan Royals","Mumbai Indians","RR","MI"
"2014-05-18","734015","Sunrisers Hyderabad","Kolkata Knight Riders","SRH","KKR"
"2014-05-18","734013","Chennai Super Kings","Royal Challengers Bangalore","CSK","RCB"
"2014-05-15","734011","Rajasthan Royals","Delhi Daredevils","RR","DC"
"2014-05-14","734009","Kolkata Knight Riders","Mumbai Indians","KKR","MI"
"2014-05-14","734007","Sunrisers Hyderabad","Kings XI Punjab","SRH","PBKS"
"2014-05-13","734005","Royal Challengers Bangalore","Delhi Daredevils","RCB","DC"
"2014-05-13","734003","Chennai Super Kings","Rajasthan Royals","CSK","RR"
"2014-05-12","734001","Sunrisers Hyderabad","Mumbai Indians","SRH","MI"
"2014-05-11","733999","Royal Challengers Bangalore","Rajasthan Royals","RCB","RR"
"2014-05-11","733997","Kings XI Punjab","Kolkata Knight Riders","PBKS","KKR"
"2014-05-10","733995","Mumbai Indians","Chennai Super Kings","MI","CSK"
"2014-05-10","733993","Delhi Daredevils","Sunrisers Hyderabad","DC","SRH"
"2014-05-09","733991","Royal Challengers Bangalore","Kings XI Punjab","RCB","PBKS"
"2014-05-08","733989","Rajasthan Royals","Sunrisers Hyderabad","RR","SRH"
"2014-05-07","733987","Kings XI Punjab","Chennai Super Kings","PBKS","CSK"
"2014-05-07","733985","Delhi Daredevils","Kolkata Knight Riders","DC","KKR"
"2014-05-06","733983","Mumbai Indians","Royal Challengers Bangalore","MI","RCB"
"2014-05-05","733981","Delhi Daredevils","Chennai Super Kings","DC","CSK"
"2014-05-05","733979","Rajasthan Royals","Kolkata Knight Riders","RR","KKR"
"2014-05-04","733977","Royal Challengers Bangalore","Sunrisers Hyderabad","RCB","SRH"
"2014-05-03","733975","Delhi Daredevils","Rajasthan Royals","DC","RR"
"2014-05-03","733973","Mumbai Indians","Kings XI Punjab","MI","PBKS"
"2014-05-02","733971","Chennai Super Kings","Kolkata Knight Riders","CSK","KKR"
"2014-04-30","729317","Mumbai Indians","Sunrisers Hyderabad","MI","SRH"
"2014-04-29","729315","Kolkata Knight Riders","Rajasthan Royals","KKR","RR"
"2014-04-28","729313","Kings XI Punjab","Royal Challengers Bangalore","PBKS","RCB"
"2014-04-27","729311","Sunrisers Hyderabad","Chennai Super Kings","SRH","CSK"
"2014-04-27","729309","Delhi Daredevils","Mumbai Indians","DC","MI"
"2014-04-26","729307","Kolkata Knight Riders","Kings XI Punjab","KKR","PBKS"
"2014-04-26","729305","Rajasthan Royals","Royal Challengers Bangalore","RR","RCB"
"2014-04-25","729303","Chennai Super Kings","Mumbai Indians","CSK","MI"
"2014-04-25","729301","Sunrisers Hyderabad","Delhi Daredevils","SRH","DC"
"2014-04-24","729299","Royal Challengers Bangalore","Kolkata Knight Riders","RCB","KKR"
"2014-04-23","729297","Rajasthan Royals","Chennai Super Kings","RR","CSK"
"2014-04-22","729295","Kings XI Punjab","Sunrisers Hyderabad","PBKS","SRH"
"2014-04-21","729293","Chennai Super Kings","Delhi Daredevils","CSK","DC"
"2014-04-20","729291","Rajasthan Royals","Kings XI Punjab","RR","PBKS"
"2014-04-19","729289","Kolkata Knight Riders","Delhi Daredevils","KKR","DC"
"2014-04-19","729287","Royal Challengers Bangalore","Mumbai Indians","RCB","MI"
"2014-04-18","729285","Sunrisers Hyderabad","Rajasthan Royals","SRH","RR"
"2014-04-18","729283","Chennai Super Kings","Kings XI Punjab","CSK","PBKS"
"2014-04-17","729281","Delhi Daredevils","Royal Challengers Bangalore","DC","RCB"
"2014-04-16","729279","Mumbai Indians","Kolkata Knight Riders","MI","KKR"
"2013-05-26","598073","Chennai Super Kings","Mumbai Indians","CSK","MI"
"2013-05-24","598072","Mumbai Indians","Rajasthan Royals","MI","RR"
"2013-05-22","598071","Rajasthan Royals","Sunrisers Hyderabad","RR","SRH"
"2013-05-21","598070","Chennai Super Kings","Mumbai Indians","CSK","MI"
"2013-05-19","598069","Sunrisers Hyderabad","Kolkata Knight Riders","SRH","KKR"
"2013-05-19","598067","Pune Warriors","Delhi Daredevils","PW","DC"
"2013-05-18","598068","Royal Challengers Bangalore","Chennai Super Kings","RCB","CSK"
"2013-05-18","598066","Kings XI Punjab","Mumbai Indians","PBKS","MI"
"2013-05-17","598065","Sunrisers Hyderabad","Rajasthan Royals","SRH","RR"
"2013-05-16","598028","Kings XI Punjab","Delhi Daredevils","PBKS","DC"
"2013-05-15","598063","Mumbai Indians","Rajasthan Royals","MI","RR"
"2013-05-15","598061","Kolkata Knight Riders","Pune Warriors","KKR","PW"
"2013-05-14","598062","Chennai Super Kings","Delhi Daredevils","CSK","DC"
"2013-05-14","598045","Royal Challengers Bangalore","Kings XI Punjab","RCB","PBKS"
"2013-05-13","598060","Mumbai Indians","Sunrisers Hyderabad","MI","SRH"
"2013-05-12","598058","Rajasthan Royals","Chennai Super Kings","RR","CSK"
"2013-05-12","598057","Kolkata Knight Riders","Royal Challengers Bangalore","KKR","RCB"
"2013-05-11","598056","Kings XI Punjab","Sunrisers Hyderabad","PBKS","SRH"
"2013-05-11","598055","Pune Warriors","Mumbai Indians","PW","MI"
"2013-05-10","598054","Delhi Daredevils","Royal Challengers Bangalore","DC","RCB"
"2013-05-09","598053","Pune Warriors","Kolkata Knight Riders","PW","KKR"
"2013-05-09","598052","Kings XI Punjab","Rajasthan Royals","PBKS","RR"
"2013-05-08","598051","Sunrisers Hyderabad","Chennai Super Kings","SRH","CSK"
"2013-05-07","598050","Mumbai Indians","Kolkata Knight Riders","MI","KKR"
"2013-05-07","598049","Rajasthan Royals","Delhi Daredevils","RR","DC"
"2013-05-06","598064","Kings XI Punjab","Royal Challengers Bangalore","PBKS","RCB"
"2013-05-05","598047","Rajasthan Royals","Pune Warriors","RR","PW"
"2013-05-05","598046","Mumbai Indians","Chennai Super Kings","MI","CSK"
"2013-05-04","598044","Sunrisers Hyderabad","Delhi Daredevils","SRH","DC"
"2013-05-03","598043","Kolkata Knight Riders","Rajasthan Royals","KKR","RR"
"2013-05-02","598042","Pune Warriors","Royal Challengers Bangalore","PW","RCB"
"2013-05-02","598041","Chennai Super Kings","Kings XI Punjab","CSK","PBKS"
"2013-05-01","598040","Delhi Daredevils","Kolkata Knight Riders","DC","KKR"
"2013-05-01","598039","Sunrisers Hyderabad","Mumbai Indians","SRH","MI"
"2013-04-30","598038","Pune Warriors","Chennai Super Kings","PW","CSK"
"2013-04-29","598037","Mumbai Indians","Kings XI Punjab","MI","PBKS"
"2013-04-29","598036","Rajasthan Royals","Royal Challengers Bangalore","RR","RCB"
"2013-04-28","598035","Delhi Daredevils","Pune Warriors","DC","PW"
"2013-04-28","598034","Chennai Super Kings","Kolkata Knight Riders","CSK","KKR"
"2013-04-27","598033","Mumbai Indians","Royal Challengers Bangalore","MI","RCB"
"2013-04-27","598032","Rajasthan Royals","Sunrisers Hyderabad","RR","SRH"
"2013-04-26","598031","Kolkata Knight Riders","Kings XI Punjab","KKR","PBKS"
"2013-04-25","598030","Chennai Super Kings","Sunrisers Hyderabad","CSK","SRH"
"2013-04-24","598029","Kolkata Knight Riders","Mumbai Indians","KKR","MI"
"2013-04-23","598059","Delhi Daredevils","Kings XI Punjab","DC","PBKS"
"2013-04-23","598027","Royal Challengers Bangalore","Pune Warriors","RCB","PW"
"2013-04-22","598026","Chennai Super Kings","Rajasthan Royals","CSK","RR"
"2013-04-21","598025","Kings XI Punjab","Pune Warriors","PBKS","PW"
"2013-04-21","598024","Delhi Daredevils","Mumbai Indians","DC","MI"
"2013-04-20","598023","Royal Challengers Bangalore","Rajasthan Royals","RCB","RR"
"2013-04-20","598022","Kolkata Knight Riders","Chennai Super Kings","KKR","CSK"
"2013-04-19","598021","Sunrisers Hyderabad","Kings XI Punjab","SRH","PBKS"
"2013-04-18","598020","Delhi Daredevils","Chennai Super Kings","DC","CSK"
"2013-04-17","598019","Rajasthan Royals","Mumbai Indians","RR","MI"
"2013-04-17","598018","Pune Warriors","Sunrisers Hyderabad","PW","SRH"
"2013-04-16","598017","Royal Challengers Bangalore","Delhi Daredevils","RCB","DC"
"2013-04-16","598016","Kings XI Punjab","Kolkata Knight Riders","PBKS","KKR"
"2013-04-15","598015","Chennai Super Kings","Pune Warriors","CSK","PW"
"2013-04-14","598014","Rajasthan Royals","Kings XI Punjab","RR","PBKS"
"2013-04-14","598013","Kolkata Knight Riders","Sunrisers Hyderabad","KKR","SRH"
"2013-04-13","598012","Chennai Super Kings","Royal Challengers Bangalore","CSK","RCB"
"2013-04-13","598011","Mumbai Indians","Pune Warriors","MI","PW"
"2013-04-12","598010","Delhi Daredevils","Sunrisers Hyderabad","DC","SRH"
"2013-04-11","598009","Pune Warriors","Rajasthan Royals","PW","RR"
"2013-04-11","598008","Royal Challengers Bangalore","Kolkata Knight Riders","RCB","KKR"
"2013-04-10","598007","Kings XI Punjab","Chennai Super Kings","PBKS","CSK"
"2013-04-09","598048","Royal Challengers Bangalore","Sunrisers Hyderabad","RCB","SRH"
"2013-04-09","598006","Mumbai Indians","Delhi Daredevils","MI","DC"
"2013-04-08","598005","Rajasthan Royals","Kolkata Knight Riders","RR","KKR"
"2013-04-07","598004","Sunrisers Hyderabad","Royal Challengers Bangalore","SRH","RCB"
"2013-04-07","598003","Pune Warriors","Kings XI Punjab","PW","PBKS"
"2013-04-06","598002","Chennai Super Kings","Mumbai Indians","CSK","MI"
"2013-04-06","598001","Delhi Daredevils","Rajasthan Royals","DC","RR"
"2013-04-05","598000","Sunrisers Hyderabad","Pune Warriors","SRH","PW"
"2013-04-04","597999","Royal Challengers Bangalore","Mumbai Indians","RCB","MI"
"2013-04-03","597998","Kolkata Knight Riders","Delhi Daredevils","KKR","DC"
"2012-05-27","548381","Kolkata Knight Riders","Chennai Super Kings","KKR","CSK"
"2012-05-25","548380","Delhi Daredevils","Chennai Super Kings","DC","CSK"
"2012-05-23","548379","Chennai Super Kings","Mumbai Indians","CSK","MI"
"2012-05-22","548378","Delhi Daredevils","Kolkata Knight Riders","DC","KKR"
"2012-05-20","548377","Rajasthan Royals","Mumbai Indians","RR","MI"
"2012-05-20","548376","Deccan Chargers","Royal Challengers Bangalore","DCH","RCB"
"2012-05-19","548375","Pune Warriors","Kolkata Knight Riders","PW","KKR"
"2012-05-19","548374","Kings XI Punjab","Delhi Daredevils","PBKS","DC"
"2012-05-18","548373","Deccan Chargers","Rajasthan Royals","DCH","RR"
"2012-05-17","548372","Delhi Daredevils","Royal Challengers Bangalore","DC","RCB"
"2012-05-17","548371","Kings XI Punjab","Chennai Super Kings","PBKS","CSK"
"2012-05-16","548370","Mumbai Indians","Kolkata Knight Riders","MI","KKR"
"2012-05-15","548369","Delhi Daredevils","Kings XI Punjab","DC","PBKS"
"2012-05-14","548368","Kolkata Knight Riders","Chennai Super Kings","KKR","CSK"
"2012-05-14","548367","Royal Challengers Bangalore","Mumbai Indians","RCB","MI"
"2012-05-13","548366","Kings XI Punjab","Deccan Chargers","PBKS","DCH"
"2012-05-13","548365","Rajasthan Royals","Pune Warriors","RR","PW"
"2012-05-12","548364","Chennai Super Kings","Delhi Daredevils","CSK","DC"
"2012-05-12","548363","Kolkata Knight Riders","Mumbai Indians","KKR","MI"
"2012-05-11","548362","Pune Warriors","Royal Challengers Bangalore","PW","RCB"
"2012-05-10","548361","Rajasthan Royals","Chennai Super Kings","RR","CSK"
"2012-05-10","548329","Deccan Chargers","Delhi Daredevils","DCH","DC"
"2012-05-09","548360","Mumbai Indians","Royal Challengers Bangalore","MI","RCB"
"2012-05-08","548359","Deccan Chargers","Kings XI Punjab","DCH","PBKS"
"2012-05-08","548358","Pune Warriors","Rajasthan Royals","PW","RR"
"2012-05-07","548357","Delhi Daredevils","Kolkata Knight Riders","DC","KKR"
"2012-05-06","548356","Royal Challengers Bangalore","Deccan Chargers","RCB","DCH"
"2012-05-06","548355","Mumbai Indians","Chennai Super Kings","MI","CSK"
"2012-05-05","548354","Kings XI Punjab","Rajasthan Royals","PBKS","RR"
"2012-05-05","548353","Kolkata Knight Riders","Pune Warriors","KKR","PW"
"2012-05-04","548352","Chennai Super Kings","Deccan Chargers","CSK","DCH"
"2012-05-03","548351","Pune Warriors","Mumbai Indians","PW","MI"
"2012-05-02","548350","Royal Challengers Bangalore","Kings XI Punjab","RCB","PBKS"
"2012-05-01","548349","Rajasthan Royals","Delhi Daredevils","RR","DC"
"2012-05-01","548348","Deccan Chargers","Pune Warriors","DCH","PW"
"2012-04-30","548347","Chennai Super Kings","Kolkata Knight Riders","CSK","KKR"
"2012-04-29","548346","Mumbai Indians","Deccan Chargers","MI","DCH"
"2012-04-29","548345","Delhi Daredevils","Rajasthan Royals","DC","RR"
"2012-04-28","548344","Kolkata Knight Riders","Royal Challengers Bangalore","KKR","RCB"
"2012-04-28","548343","Chennai Super Kings","Kings XI Punjab","CSK","PBKS"
"2012-04-27","548342","Delhi Daredevils","Mumbai Indians","DC","MI"
"2012-04-26","548341","Pune Warriors","Deccan Chargers","PW","DCH"
"2012-04-25","548339","Kings XI Punjab","Mumbai Indians","PBKS","MI"
"2012-04-24","548337","Pune Warriors","Delhi Daredevils","PW","DC"
"2012-04-23","548336","Rajasthan Royals","Royal Challengers Bangalore","RR","RCB"
"2012-04-22","548335","Deccan Chargers","Kolkata Knight Riders","DCH","KKR"
"2012-04-22","548334","Mumbai Indians","Kings XI Punjab","MI","PBKS"
"2012-04-21","548333","Delhi Daredevils","Pune Warriors","DC","PW"
"2012-04-21","548332","Chennai Super Kings","Rajasthan Royals","CSK","RR"
"2012-04-20","548331","Kings XI Punjab","Royal Challengers Bangalore","PBKS","RCB"
"2012-04-19","548330","Chennai Super Kings","Pune Warriors","CSK","PW"
"2012-04-19","548321","Delhi Daredevils","Deccan Chargers","DC","DCH"
"2012-04-18","548328","Kings XI Punjab","Kolkata Knight Riders","PBKS","KKR"
"2012-04-17","548327","Royal Challengers Bangalore","Pune Warriors","RCB","PW"
"2012-04-17","548326","Rajasthan Royals","Deccan Chargers","RR","DCH"
"2012-04-16","548325","Mumbai Indians","Delhi Daredevils","MI","DC"
"2012-04-15","548324","Royal Challengers Bangalore","Rajasthan Royals","RCB","RR"
"2012-04-15","548323","Kolkata Knight Riders","Kings XI Punjab","KKR","PBKS"
"2012-04-14","548322","Pune Warriors","Chennai Super Kings","PW","CSK"
"2012-04-13","548320","Kolkata Knight Riders","Rajasthan Royals","KKR","RR"
"2012-04-12","548319","Kings XI Punjab","Pune Warriors","PBKS","PW"
"2012-04-12","548318","Chennai Super Kings","Royal Challengers Bangalore","CSK","RCB"
"2012-04-11","548317","Mumbai Indians","Rajasthan Royals","MI","RR"
"2012-04-10","548316","Delhi Daredevils","Chennai Super Kings","DC","CSK"
"2012-04-10","548315","Royal Challengers Bangalore","Kolkata Knight Riders","RCB","KKR"
"2012-04-09","548314","Deccan Chargers","Mumbai Indians","DCH","MI"
"2012-04-08","548313","Pune Warriors","Kings XI Punjab","PW","PBKS"
"2012-04-08","548312","Rajasthan Royals","Kolkata Knight Riders","RR","KKR"
"2012-04-07","548311","Deccan Chargers","Chennai Super Kings","DCH","CSK"
"2012-04-07","548310","Royal Challengers Bangalore","Delhi Daredevils","RCB","DC"
"2012-04-06","548309","Rajasthan Royals","Kings XI Punjab","RR","PBKS"
"2012-04-06","548308","Mumbai Indians","Pune Warriors","MI","PW"
"2012-04-05","548307","Kolkata Knight Riders","Delhi Daredevils","KKR","DC"
"2012-04-04","548306","Chennai Super Kings","Mumbai Indians","CSK","MI"
"2011-05-28","501271","Chennai Super Kings","Royal Challengers Bangalore","CSK","RCB"
"2011-05-27","501270","Royal Challengers Bangalore","Mumbai Indians","RCB","MI"
"2011-05-25","501269","Mumbai Indians","Kolkata Knight Riders","MI","KKR"
"2011-05-24","501268","Royal Challengers Bangalore","Chennai Super Kings","RCB","CSK"
"2011-05-22","501267","Kolkata Knight Riders","Mumbai Indians","KKR","MI"
"2011-05-22","501266","Royal Challengers Bangalore","Chennai Super Kings","RCB","CSK"
"2011-05-21","501265","Delhi Daredevils","Pune Warriors","DC","PW"
"2011-05-21","501264","Kings XI Punjab","Deccan Chargers","PBKS","DCH"
"2011-05-20","501263","Mumbai Indians","Rajasthan Royals","MI","RR"
"2011-05-19","501262","Pune Warriors","Kolkata Knight Riders","PW","KKR"
"2011-05-18","501261","Chennai Super Kings","Kochi Tuskers Kerala","CSK","KTK"
"2011-05-17","501260","Kings XI Punjab","Royal Challengers Bangalore","PBKS","RCB"
"2011-05-16","501259","Pune Warriors","Deccan Chargers","PW","DCH"
"2011-05-15","501258","Kochi Tuskers Kerala","Rajasthan Royals","KTK","RR"
"2011-05-15","501257","Kings XI Punjab","Delhi Daredevils","PBKS","DC"
"2011-05-14","501256","Mumbai Indians","Deccan Chargers","MI","DCH"
"2011-05-14","501255","Royal Challengers Bangalore","Kolkata Knight Riders","RCB","KKR"
"2011-05-13","501254","Kochi Tuskers Kerala","Kings XI Punjab","KTK","PBKS"
"2011-05-12","501253","Chennai Super Kings","Delhi Daredevils","CSK","DC"
"2011-05-11","501252","Rajasthan Royals","Royal Challengers Bangalore","RR","RCB"
"2011-05-10","501251","Kings XI Punjab","Mumbai Indians","PBKS","MI"
"2011-05-10","501250","Deccan Chargers","Pune Warriors","DCH","PW"
"2011-05-09","501249","Rajasthan Royals","Chennai Super Kings","RR","CSK"
"2011-05-08","501248","Kings XI Punjab","Pune Warriors","PBKS","PW"
"2011-05-08","501247","Royal Challengers Bangalore","Kochi Tuskers Kerala","RCB","KTK"
"2011-05-07","501246","Mumbai Indians","Delhi Daredevils","MI","DC"
"2011-05-07","501245","Kolkata Knight Riders","Chennai Super Kings","KKR","CSK"
"2011-05-06","501244","Royal Challengers Bangalore","Kings XI Punjab","RCB","PBKS"
"2011-05-05","501243","Deccan Chargers","Delhi Daredevils","DCH","DC"
"2011-05-05","501242","Kochi Tuskers Kerala","Kolkata Knight Riders","KTK","KKR"
"2011-05-04","501241","Pune Warriors","Mumbai Indians","PW","MI"
"2011-05-04","501240","Chennai Super Kings","Rajasthan Royals","CSK","RR"
"2011-05-03","501239","Deccan Chargers","Kolkata Knight Riders","DCH","KKR"
"2011-05-02","501238","Delhi Daredevils","Kochi Tuskers Kerala","DC","KTK"
"2011-05-02","501237","Mumbai Indians","Kings XI Punjab","MI","PBKS"
"2011-05-01","501236","Chennai Super Kings","Deccan Chargers","CSK","DCH"
"2011-05-01","501235","Rajasthan Royals","Pune Warriors","RR","PW"
"2011-04-30","501234","Kolkata Knight Riders","Kings XI Punjab","KKR","PBKS"
"2011-04-30","501233","Kochi Tuskers Kerala","Delhi Daredevils","KTK","DC"
"2011-04-29","501232","Royal Challengers Bangalore","Pune Warriors","RCB","PW"
"2011-04-29","501231","Rajasthan Royals","Mumbai Indians","RR","MI"
"2011-04-28","501230","Delhi Daredevils","Kolkata Knight Riders","DC","KKR"
"2011-04-27","501229","Kochi Tuskers Kerala","Deccan Chargers","KTK","DCH"
"2011-04-27","501228","Pune Warriors","Chennai Super Kings","PW","CSK"
"2011-04-26","501227","Delhi Daredevils","Royal Challengers Bangalore","DC","RCB"
"2011-04-25","501226","Chennai Super Kings","Pune Warriors","CSK","PW"
"2011-04-24","501225","Rajasthan Royals","Kochi Tuskers Kerala","RR","KTK"
"2011-04-24","501224","Deccan Chargers","Mumbai Indians","DCH","MI"
"2011-04-23","501223","Delhi Daredevils","Kings XI Punjab","DC","PBKS"
"2011-04-22","501222","Kolkata Knight Riders","Royal Challengers Bangalore","KKR","RCB"
"2011-04-22","501221","Mumbai Indians","Chennai Super Kings","MI","CSK"
"2011-04-21","501220","Kings XI Punjab","Rajasthan Royals","PBKS","RR"
"2011-04-20","501219","Kolkata Knight Riders","Kochi Tuskers Kerala","KKR","KTK"
"2011-04-20","501218","Mumbai Indians","Pune Warriors","MI","PW"
"2011-04-19","501216","Delhi Daredevils","Deccan Chargers","DC","DCH"
"2011-04-18","501215","Kochi Tuskers Kerala","Chennai Super Kings","KTK","CSK"
"2011-04-17","501214","Kolkata Knight Riders","Rajasthan Royals","KKR","RR"
"2011-04-17","501213","Pune Warriors","Delhi Daredevils","PW","DC"
"2011-04-16","501212","Deccan Chargers","Kings XI Punjab","DCH","PBKS"
"2011-04-16","501211","Chennai Super Kings","Royal Challengers Bangalore","CSK","RCB"
"2011-04-15","501210","Mumbai Indians","Kochi Tuskers Kerala","MI","KTK"
"2011-04-15","501209","Rajasthan Royals","Kolkata Knight Riders","RR","KKR"
"2011-04-14","501208","Deccan Chargers","Royal Challengers Bangalore","DCH","RCB"
"2011-04-13","501207","Pune Warriors","Kochi Tuskers Kerala","PW","KTK"
"2011-04-13","501206","Kings XI Punjab","Chennai Super Kings","PBKS","CSK"
"2011-04-12","501205","Royal Challengers Bangalore","Mumbai Indians","RCB","MI"
"2011-04-12","501204","Rajasthan Royals","Delhi Daredevils","RR","DC"
"2011-04-11","501203","Kolkata Knight Riders","Deccan Chargers","KKR","DCH"
"2011-04-10","501202","Pune Warriors","Kings XI Punjab","PW","PBKS"
"2011-04-10","501201","Delhi Daredevils","Mumbai Indians","DC","MI"
"2011-04-09","501200","Kochi Tuskers Kerala","Royal Challengers Bangalore","KTK","RCB"
"2011-04-09","501199","Deccan Chargers","Rajasthan Royals","DCH","RR"
"2011-04-08","501198","Chennai Super Kings","Kolkata Knight Riders","CSK","KKR"
"2010-04-25","419165","Chennai Super Kings","Mumbai Indians","CSK","MI"
"2010-04-24","419164","Royal Challengers Bangalore","Deccan Chargers","RCB","DCH"
"2010-04-22","419163","Chennai Super Kings","Deccan Chargers","CSK","DCH"
"2010-04-21","419162","Royal Challengers Bangalore","Mumbai Indians","RCB","MI"
"2010-04-19","419161","Kolkata Knight Riders","Mumbai Indians","KKR","MI"
"2010-04-18","419160","Delhi Daredevils","Deccan Chargers","DC","DCH"
"2010-04-18","419159","Kings XI Punjab","Chennai Super Kings","PBKS","CSK"
"2010-04-17","419158","Kolkata Knight Riders","Rajasthan Royals","KKR","RR"
"2010-04-17","419157","Royal Challengers Bangalore","Mumbai Indians","RCB","MI"
"2010-04-16","419156","Kings XI Punjab","Deccan Chargers","PBKS","DCH"
"2010-04-15","419155","Chennai Super Kings","Delhi Daredevils","CSK","DC"
"2010-04-14","419154","Rajasthan Royals","Royal Challengers Bangalore","RR","RCB"
"2010-04-13","419153","Chennai Super Kings","Kolkata Knight Riders","CSK","KKR"
"2010-04-13","419152","Mumbai Indians","Delhi Daredevils","MI","DC"
"2010-04-12","419151","Deccan Chargers","Royal Challengers Bangalore","DCH","RCB"
"2010-04-11","419150","Rajasthan Royals","Mumbai Indians","RR","MI"
"2010-04-11","419149","Delhi Daredevils","Kings XI Punjab","DC","PBKS"
"2010-04-10","419148","Royal Challengers Bangalore","Kolkata Knight Riders","RCB","KKR"
"2010-04-10","419147","Deccan Chargers","Chennai Super Kings","DCH","CSK"
"2010-04-09","419146","Kings XI Punjab","Mumbai Indians","PBKS","MI"
"2010-04-08","419145","Royal Challengers Bangalore","Deccan Chargers","RCB","DCH"
"2010-04-07","419144","Kolkata Knight Riders","Delhi Daredevils","KKR","DC"
"2010-04-07","419143","Rajasthan Royals","Kings XI Punjab","RR","PBKS"
"2010-04-06","419142","Chennai Super Kings","Mumbai Indians","CSK","MI"
"2010-04-05","419141","Deccan Chargers","Rajasthan Royals","DCH","RR"
"2010-04-04","419140","Delhi Daredevils","Royal Challengers Bangalore","DC","RCB"
"2010-04-04","419139","Kolkata Knight Riders","Kings XI Punjab","KKR","PBKS"
"2010-04-03","419138","Mumbai Indians","Deccan Chargers","MI","DCH"
"2010-04-03","419137","Chennai Super Kings","Rajasthan Royals","CSK","RR"
"2010-04-02","419136","Kings XI Punjab","Royal Challengers Bangalore","PBKS","RCB"
"2010-04-01","419135","Kolkata Knight Riders","Deccan Chargers","KKR","DCH"
"2010-03-31","419134","Delhi Daredevils","Rajasthan Royals","DC","RR"
"2010-03-31","419133","Chennai Super Kings","Royal Challengers Bangalore","CSK","RCB"
"2010-03-30","419132","Mumbai Indians","Kings XI Punjab","MI","PBKS"
"2010-03-29","419131","Delhi Daredevils","Kolkata Knight Riders","DC","KKR"
"2010-03-28","419130","Deccan Chargers","Mumbai Indians","DCH","MI"
"2010-03-28","419129","Rajasthan Royals","Chennai Super Kings","RR","CSK"
"2010-03-27","419127","Kings XI Punjab","Kolkata Knight Riders","PBKS","KKR"
"2010-03-26","419126","Rajasthan Royals","Deccan Chargers","RR","DCH"
"2010-03-25","419128","Royal Challengers Bangalore","Delhi Daredevils","RCB","DC"
"2010-03-25","419125","Chennai Super Kings","Mumbai Indians","CSK","MI"
"2010-03-24","419124","Kings XI Punjab","Rajasthan Royals","PBKS","RR"
"2010-03-23","419123","Royal Challengers Bangalore","Chennai Super Kings","RCB","CSK"
"2010-03-22","419122","Mumbai Indians","Kolkata Knight Riders","MI","KKR"
"2010-03-21","419121","Chennai Super Kings","Kings XI Punjab","CSK","PBKS"
"2010-03-21","419120","Deccan Chargers","Delhi Daredevils","DCH","DC"
"2010-03-20","419119","Mumbai Indians","Royal Challengers Bangalore","MI","RCB"
"2010-03-20","419118","Rajasthan Royals","Kolkata Knight Riders","RR","KKR"
"2010-03-19","419117","Deccan Chargers","Kings XI Punjab","DCH","PBKS"
"2010-03-19","419116","Delhi Daredevils","Chennai Super Kings","DC","CSK"
"2010-03-18","419115","Royal Challengers Bangalore","Rajasthan Royals","RCB","RR"
"2010-03-17","419114","Delhi Daredevils","Mumbai Indians","DC","MI"
"2010-03-16","419113","Kolkata Knight Riders","Chennai Super Kings","KKR","CSK"
"2010-03-16","419112","Royal Challengers Bangalore","Kings XI Punjab","RCB","PBKS"
"2010-03-15","419111","Rajasthan Royals","Delhi Daredevils","RR","DC"
"2010-03-14","419110","Chennai Super Kings","Deccan Chargers","CSK","DCH"
"2010-03-14","419109","Kolkata Knight Riders","Royal Challengers Bangalore","KKR","RCB"
"2010-03-13","419108","Kings XI Punjab","Delhi Daredevils","PBKS","DC"
"2010-03-13","419107","Mumbai Indians","Rajasthan Royals","MI","RR"
"2010-03-12","419106","Deccan Chargers","Kolkata Knight Riders","DCH","KKR"
"2009-05-24","392239","Royal Challengers Bangalore","Deccan Chargers","RCB","DCH"
"2009-05-23","392238","Royal Challengers Bangalore","Chennai Super Kings","RCB","CSK"
"2009-05-22","392237","Delhi Daredevils","Deccan Chargers","DC","DCH"
"2009-05-21","392236","Royal Challengers Bangalore","Deccan Chargers","RCB","DCH"
"2009-05-21","392235","Delhi Daredevils","Mumbai Indians","DC","MI"
"2009-05-20","392234","Chennai Super Kings","Kings XI Punjab","CSK","PBKS"
"2009-05-20","392233","Kolkata Knight Riders","Rajasthan Royals","KKR","RR"
"2009-05-19","392232","Royal Challengers Bangalore","Delhi Daredevils","RCB","DC"
"2009-05-18","392231","Chennai Super Kings","Kolkata Knight Riders","CSK","KKR"
"2009-05-17","392230","Delhi Daredevils","Rajasthan Royals","DC","RR"
"2009-05-17","392229","Deccan Chargers","Kings XI Punjab","DCH","PBKS"
"2009-05-16","392228","Deccan Chargers","Kolkata Knight Riders","DCH","KKR"
"2009-05-16","392227","Chennai Super Kings","Mumbai Indians","CSK","MI"
"2009-05-15","392226","Delhi Daredevils","Kings XI Punjab","DC","PBKS"
"2009-05-14","392225","Mumbai Indians","Rajasthan Royals","MI","RR"
"2009-05-14","392224","Royal Challengers Bangalore","Chennai Super Kings","RCB","CSK"
"2009-05-13","392223","Deccan Chargers","Delhi Daredevils","DCH","DC"
"2009-05-12","392222","Kings XI Punjab","Mumbai Indians","PBKS","MI"
"2009-05-12","392221","Royal Challengers Bangalore","Kolkata Knight Riders","RCB","KKR"
"2009-05-11","392220","Deccan Chargers","Rajasthan Royals","DCH","RR"
"2009-05-10","392219","Delhi Daredevils","Kolkata Knight Riders","DC","KKR"
"2009-05-10","392218","Royal Challengers Bangalore","Mumbai Indians","RCB","MI"
"2009-05-09","392217","Chennai Super Kings","Rajasthan Royals","CSK","RR"
"2009-05-09","392216","Deccan Chargers","Kings XI Punjab","DCH","PBKS"
"2009-05-08","392215","Delhi Daredevils","Mumbai Indians","DC","MI"
"2009-05-07","392214","Chennai Super Kings","Kings XI Punjab","CSK","PBKS"
"2009-05-07","392213","Royal Challengers Bangalore","Rajasthan Royals","RCB","RR"
"2009-05-06","392212","Deccan Chargers","Mumbai Indians","DCH","MI"
"2009-05-05","392211","Delhi Daredevils","Kolkata Knight Riders","DC","KKR"
"2009-05-05","392210","Kings XI Punjab","Rajasthan Royals","PBKS","RR"
"2009-05-04","392209","Chennai Super Kings","Deccan Chargers","CSK","DCH"
"2009-05-03","392208","Royal Challengers Bangalore","Mumbai Indians","RCB","MI"
"2009-05-03","392207","Kings XI Punjab","Kolkata Knight Riders","PBKS","KKR"
"2009-05-02","392206","Chennai Super Kings","Delhi Daredevils","CSK","DC"
"2009-05-02","392205","Deccan Chargers","Rajasthan Royals","DCH","RR"
"2009-05-01","392204","Royal Challengers Bangalore","Kings XI Punjab","RCB","PBKS"
"2009-05-01","392203","Kolkata Knight Riders","Mumbai Indians","KKR","MI"
"2009-04-30","392202","Chennai Super Kings","Rajasthan Royals","CSK","RR"
"2009-04-30","392201","Deccan Chargers","Delhi Daredevils","DCH","DC"
"2009-04-29","392200","Kings XI Punjab","Mumbai Indians","PBKS","MI"
"2009-04-29","392199","Royal Challengers Bangalore","Kolkata Knight Riders","RCB","KKR"
"2009-04-28","392198","Delhi Daredevils","Rajasthan Royals","DC","RR"
"2009-04-27","392197","Kolkata Knight Riders","Mumbai Indians","KKR","MI"
"2009-04-27","392196","Chennai Super Kings","Deccan Chargers","CSK","DCH"
"2009-04-26","392195","Kings XI Punjab","Rajasthan Royals","PBKS","RR"
"2009-04-26","392194","Royal Challengers Bangalore","Delhi Daredevils","RCB","DC"
"2009-04-25","392192","Deccan Chargers","Mumbai Indians","DCH","MI"
"2009-04-24","392191","Royal Challengers Bangalore","Kings XI Punjab","RCB","PBKS"
"2009-04-23","392190","Kolkata Knight Riders","Rajasthan Royals","KKR","RR"
"2009-04-23","392189","Chennai Super Kings","Delhi Daredevils","CSK","DC"
"2009-04-22","392188","Royal Challengers Bangalore","Deccan Chargers","RCB","DCH"
"2009-04-21","392186","Kings XI Punjab","Kolkata Knight Riders","PBKS","KKR"
"2009-04-20","392185","Royal Challengers Bangalore","Chennai Super Kings","RCB","CSK"
"2009-04-19","392184","Deccan Chargers","Kolkata Knight Riders","DCH","KKR"
"2009-04-19","392183","Delhi Daredevils","Kings XI Punjab","DC","PBKS"
"2009-04-18","392182","Royal Challengers Bangalore","Rajasthan Royals","RCB","RR"
"2009-04-18","392181","Chennai Super Kings","Mumbai Indians","CSK","MI"
"2008-06-01","336040","Chennai Super Kings","Rajasthan Royals","CSK","RR"
"2008-05-31","336039","Chennai Super Kings","Kings XI Punjab","CSK","PBKS"
"2008-05-30","336038","Delhi Daredevils","Rajasthan Royals","DC","RR"
"2008-05-28","336019","Kings XI Punjab","Rajasthan Royals","PBKS","RR"
"2008-05-28","336012","Royal Challengers Bangalore","Mumbai Indians","RCB","MI"
"2008-05-27","336037","Deccan Chargers","Chennai Super Kings","DCH","CSK"
"2008-05-26","336036","Rajasthan Royals","Mumbai Indians","RR","MI"
"2008-05-25","336035","Kolkata Knight Riders","Kings XI Punjab","KKR","PBKS"
"2008-05-25","336002","Deccan Chargers","Royal Challengers Bangalore","DCH","RCB"
"2008-05-24","336033","Chennai Super Kings","Rajasthan Royals","CSK","RR"
"2008-05-24","336032","Delhi Daredevils","Mumbai Indians","DC","MI"
"2008-05-23","336031","Kings XI Punjab","Deccan Chargers","PBKS","DCH"
"2008-05-21","336029","Chennai Super Kings","Royal Challengers Bangalore","CSK","RCB"
"2008-05-21","336028","Mumbai Indians","Kings XI Punjab","MI","PBKS"
"2008-05-20","336027","Kolkata Knight Riders","Rajasthan Royals","KKR","RR"
"2008-05-19","336026","Royal Challengers Bangalore","Delhi Daredevils","RCB","DC"
"2008-05-18","336025","Kolkata Knight Riders","Chennai Super Kings","KKR","CSK"
"2008-05-18","336024","Deccan Chargers","Mumbai Indians","DCH","MI"
"2008-05-17","336023","Rajasthan Royals","Royal Challengers Bangalore","RR","RCB"
"2008-05-17","336022","Delhi Daredevils","Kings XI Punjab","DC","PBKS"
"2008-05-16","336021","Mumbai Indians","Kolkata Knight Riders","MI","KKR"
"2008-05-15","336020","Delhi Daredevils","Deccan Chargers","DC","DCH"
"2008-05-14","336018","Mumbai Indians","Chennai Super Kings","MI","CSK"
"2008-05-13","336017","Kolkata Knight Riders","Delhi Daredevils","KKR","DC"
"2008-05-12","336016","Kings XI Punjab","Royal Challengers Bangalore","PBKS","RCB"
"2008-05-11","336015","Rajasthan Royals","Delhi Daredevils","RR","DC"
"2008-05-11","336014","Deccan Chargers","Kolkata Knight Riders","DCH","KKR"
"2008-05-10","336013","Chennai Super Kings","Kings XI Punjab","CSK","PBKS"
"2008-05-09","336011","Rajasthan Royals","Deccan Chargers","RR","DCH"
"2008-05-08","336010","Kolkata Knight Riders","Royal Challengers Bangalore","KKR","RCB"
"2008-05-08","336009","Delhi Daredevils","Chennai Super Kings","DC","CSK"
"2008-05-07","336008","Mumbai Indians","Rajasthan Royals","MI","RR"
"2008-05-06","336007","Chennai Super Kings","Deccan Chargers","CSK","DCH"
"2008-05-05","336006","Royal Challengers Bangalore","Kings XI Punjab","RCB","PBKS"
"2008-05-04","336005","Rajasthan Royals","Chennai Super Kings","RR","CSK"
"2008-05-04","336004","Mumbai Indians","Delhi Daredevils","MI","DC"
"2008-05-03","336034","Royal Challengers Bangalore","Deccan Chargers","RCB","DCH"
"2008-05-03","336003","Kings XI Punjab","Kolkata Knight Riders","PBKS","KKR"
"2008-05-02","336001","Chennai Super Kings","Delhi Daredevils","CSK","DC"
"2008-05-01","336000","Rajasthan Royals","Kolkata Knight Riders","RR","KKR"
"2008-05-01","335999","Deccan Chargers","Kings XI Punjab","DCH","PBKS"
"2008-04-30","335998","Delhi Daredevils","Royal Challengers Bangalore","DC","RCB"
"2008-04-29","335997","Kolkata Knight Riders","Mumbai Indians","KKR","MI"
"2008-04-28","335996","Royal Challengers Bangalore","Chennai Super Kings","RCB","CSK"
"2008-04-27","335995","Kings XI Punjab","Delhi Daredevils","PBKS","DC"
"2008-04-27","335994","Mumbai Indians","Deccan Chargers","MI","DCH"
"2008-04-26","335993","Chennai Super Kings","Kolkata Knight Riders","CSK","KKR"
"2008-04-26","335992","Royal Challengers Bangalore","Rajasthan Royals","RCB","RR"
"2008-04-25","335991","Kings XI Punjab","Mumbai Indians","PBKS","MI"
"2008-04-24","335990","Deccan Chargers","Rajasthan Royals","DCH","RR"
"2008-04-23","335989","Chennai Super Kings","Mumbai Indians","CSK","MI"
"2008-04-22","335988","Deccan Chargers","Delhi Daredevils","DCH","DC"
"2008-04-21","335987","Rajasthan Royals","Kings XI Punjab","RR","PBKS"
"2008-04-20","335986","Kolkata Knight Riders","Deccan Chargers","KKR","DCH"
"2008-04-20","335985","Mumbai Indians","Royal Challengers Bangalore","MI","RCB"
"2008-04-19","335984","Delhi Daredevils","Rajasthan Royals","DC","RR"
"2008-04-19","335983","Kings XI Punjab","Chennai Super Kings","PBKS","CSK"
"2008-04-18","335982","Royal Challengers Bangalore","Kolkata Knight Riders","RCB","KKR"
