Match ID,Team One,Team Two,Winner,Win Type,Margin,Loser,Player of Match
1473511,RCB,PBKS,RCB,runs,6,PBKS,KH Pandya
1473510,MI,PBKS,PBKS,wickets,5,MI,SS Iyer
1473509,MI,GT,MI,runs,20,GT,RG Sharma
1473508,PBKS,RCB,RCB,wickets,8,PBKS,Suyash Sharma
1473507,LSG,RCB,RCB,wickets,6,LSG,JM Sharma
1473506,MI,PBKS,PBKS,wickets,7,MI,JP Inglis
1473505,SRH,KKR,SRH,runs,110,KKR,H Klaasen
1473504,CSK,GT,CSK,runs,83,GT,D Brevis
1485779,PBKS,DC,DC,wickets,6,PBKS,Sameer Rizvi
1473503,SRH,RCB,SRH,runs,42,RCB,Ishan Kishan
1473502,LSG,GT,LSG,runs,33,GT,MR Marsh
1473501,MI,DC,MI,runs,59,DC,SA Yadav
1473500,CSK,RR,RR,wickets,6,CSK,Akash Madhwal
1473499,LSG,SRH,SRH,wickets,6,LSG,Abhishek Sharma
1473498,DC,GT,GT,wickets,10,DC,B Sai Sudharsan
1473497,PBKS,RR,PBKS,runs,10,RR,Harpreet Brar
1473495,PBKS,DC,,N/A,N/A,,N/A
1473494,KKR,CSK,CSK,wickets,2,KKR,Noor Ahmad
1473493,MI,GT,GT,wickets,3,MI,Shubman Gill
1473492,DC,SRH,,N/A,N/A,,N/A
1473491,PBKS,LSG,PBKS,runs,37,LSG,P Simran Singh
1473490,KKR,RR,KKR,runs,1,RR,AD Russell
1473489,RCB,CSK,RCB,runs,2,CSK,R Shepherd
1473488,GT,SRH,GT,runs,38,SRH,M Prasidh Krishna
1473487,MI,RR,MI,runs,100,RR,RD Rickelton
1473486,CSK,PBKS,PBKS,wickets,4,CSK,SS Iyer
1473485,KKR,DC,KKR,runs,14,DC,SP Narine
1473484,GT,RR,RR,wickets,8,GT,V Suryavanshi
1473483,DC,RCB,RCB,wickets,6,DC,KH Pandya
1473482,MI,LSG,MI,runs,54,LSG,WG Jacks
1473481,PBKS,KKR,,N/A,N/A,,N/A
1473480,CSK,SRH,SRH,wickets,5,CSK,HV Patel
1473479,RCB,RR,RCB,runs,11,RR,JR Hazlewood
1473478,SRH,MI,MI,wickets,7,SRH,TA Boult
1473477,LSG,DC,DC,wickets,8,LSG,Mukesh Kumar
1473476,GT,KKR,GT,runs,39,KKR,Shubman Gill
1473475,CSK,MI,MI,wickets,9,CSK,RG Sharma
1473474,PBKS,RCB,RCB,wickets,7,PBKS,V Kohli
1473473,LSG,RR,LSG,runs,2,RR,Avesh Khan
1473472,DC,GT,GT,wickets,7,DC,JC Buttler
1473471,RCB,PBKS,PBKS,wickets,5,RCB,TH David
1473470,SRH,MI,MI,wickets,4,SRH,WG Jacks
1473469,DC,RR,,N/A,N/A,,N/A
1473468,PBKS,KKR,PBKS,runs,16,KKR,YS Chahal
1473467,LSG,CSK,CSK,wickets,5,LSG,MS Dhoni
1473466,MI,DC,MI,runs,12,DC,KV Sharma
1473465,RR,RCB,RCB,wickets,9,RR,PD Salt
1473464,PBKS,SRH,SRH,wickets,8,PBKS,Abhishek Sharma
1473463,GT,LSG,LSG,wickets,6,GT,AK Markram
1473462,CSK,KKR,KKR,wickets,8,CSK,SP Narine
1473461,RCB,DC,DC,wickets,6,RCB,KL Rahul
1473460,GT,RR,GT,runs,58,RR,B Sai Sudharsan
1473459,PBKS,CSK,PBKS,runs,18,CSK,Priyansh Arya
1473456,LSG,KKR,LSG,runs,4,KKR,N Pooran
1473458,RCB,MI,RCB,runs,12,MI,RM Patidar
1473457,SRH,GT,GT,wickets,7,SRH,Mohammed Siraj
1473455,RR,PBKS,RR,runs,50,PBKS,JC Archer
1473454,DC,CSK,DC,runs,25,CSK,KL Rahul
1473453,LSG,MI,LSG,runs,12,MI,DS Rathi
1473452,KKR,SRH,KKR,runs,80,SRH,VG Arora
1473451,RCB,GT,GT,wickets,8,RCB,Mohammed Siraj
1473450,LSG,PBKS,PBKS,wickets,8,LSG,P Simran Singh
1473449,KKR,MI,MI,wickets,8,KKR,Ashwani Kumar
1473448,RR,CSK,RR,runs,6,CSK,N Rana
1473447,SRH,DC,DC,wickets,7,SRH,MA Starc
1473446,GT,MI,GT,runs,36,MI,M Prasidh Krishna
1473445,RCB,CSK,RCB,runs,50,CSK,RM Patidar
1473444,SRH,LSG,LSG,wickets,5,SRH,SN Thakur
1473443,RR,KKR,KKR,wickets,8,RR,Q de Kock
1473442,PBKS,GT,PBKS,runs,11,GT,SS Iyer
1473441,LSG,DC,DC,wickets,1,LSG,Ashutosh Sharma
1473440,MI,CSK,CSK,wickets,4,MI,Noor Ahmad
1473439,SRH,RR,SRH,runs,44,RR,Ishan Kishan
1473438,KKR,RCB,RCB,wickets,7,KKR,KH Pandya
1426312,SRH,KKR,KKR,wickets,8,SRH,MA Starc
1426311,SRH,RR,SRH,runs,36,RR,Shahbaz Ahmed
1426310,RCB,RR,RR,wickets,4,RCB,R Ashwin
1426309,SRH,KKR,KKR,wickets,8,SRH,MA Starc
1426307,PBKS,SRH,SRH,wickets,4,PBKS,Abhishek Sharma
1426306,RCB,CSK,RCB,runs,27,CSK,F du Plessis
1426305,LSG,MI,LSG,runs,18,MI,N Pooran
1426303,RR,PBKS,PBKS,wickets,5,RR,SM Curran
1426302,DC,LSG,DC,runs,19,LSG,I Sharma
1426300,RCB,DC,RCB,runs,47,DC,C Green
1426299,RR,CSK,CSK,wickets,5,RR,Simarjeet Singh
1426298,KKR,MI,KKR,runs,18,MI,CV Varun
1426297,GT,CSK,GT,runs,35,CSK,Shubman Gill
1426296,RCB,PBKS,RCB,runs,60,PBKS,V Kohli
1426295,LSG,SRH,SRH,wickets,10,LSG,TM Head
1426294,DC,RR,DC,runs,20,RR,Kuldeep Yadav
1426293,SRH,MI,MI,wickets,7,SRH,SA Yadav
1426292,KKR,LSG,KKR,runs,98,LSG,SP Narine
1426291,CSK,PBKS,CSK,runs,28,PBKS,RA Jadeja
1426290,GT,RCB,RCB,wickets,4,GT,Mohammed Siraj
1426289,KKR,MI,KKR,runs,24,MI,VR Iyer
1426288,SRH,RR,SRH,runs,1,RR,B Kumar
1426287,CSK,PBKS,PBKS,wickets,7,CSK,Harpreet Brar
1426286,MI,LSG,LSG,wickets,4,MI,MP Stoinis
1426285,DC,KKR,KKR,wickets,7,DC,CV Varun
1426284,CSK,SRH,CSK,runs,78,SRH,RD Gaikwad
1426283,GT,RCB,RCB,wickets,9,GT,WG Jacks
1426282,LSG,RR,RR,wickets,7,LSG,SV Samson
1426281,DC,MI,DC,runs,10,MI,J Fraser-McGurk
1426280,KKR,PBKS,PBKS,wickets,8,KKR,JM Bairstow
1426279,RCB,SRH,RCB,runs,35,SRH,RM Patidar
1426278,DC,GT,DC,runs,4,GT,RR Pant
1426277,CSK,LSG,LSG,wickets,6,CSK,MP Stoinis
1426276,MI,RR,RR,wickets,9,MI,Sandeep Sharma
1426275,PBKS,GT,GT,wickets,3,PBKS,R Sai Kishore
1426274,KKR,RCB,KKR,runs,1,RCB,AD Russell
1426273,SRH,DC,SRH,runs,67,DC,TM Head
1426272,CSK,LSG,LSG,wickets,8,CSK,KL Rahul
1426271,MI,PBKS,MI,runs,9,PBKS,JJ Bumrah
1426270,GT,DC,DC,wickets,6,GT,RR Pant
1426269,KKR,RR,RR,wickets,2,KKR,JC Buttler
1426268,SRH,RCB,SRH,runs,25,RCB,TM Head
1426267,CSK,MI,CSK,runs,20,MI,M Pathirana
1426266,LSG,KKR,KKR,wickets,8,LSG,PD Salt
1426265,PBKS,RR,RR,wickets,3,PBKS,SO Hetmyer
1426264,LSG,DC,DC,wickets,6,LSG,Kuldeep Yadav
1426263,RCB,MI,MI,wickets,7,RCB,JJ Bumrah
1426262,RR,GT,GT,wickets,3,RR,Rashid Khan
1426261,SRH,PBKS,SRH,runs,2,PBKS,Nithish Kumar Reddy
1426260,KKR,CSK,CSK,wickets,7,KKR,RA Jadeja
1422139,LSG,GT,LSG,runs,33,GT,Yash Thakur
1422138,MI,DC,MI,runs,29,DC,R Shepherd
1422137,RCB,RR,RR,wickets,6,RCB,JC Buttler
1422136,CSK,SRH,SRH,wickets,6,CSK,Abhishek Sharma
1422135,GT,PBKS,PBKS,wickets,3,GT,Shashank Singh
1422134,KKR,DC,KKR,runs,106,DC,SP Narine
1422133,LSG,RCB,LSG,runs,28,RCB,MP Yadav
1422132,MI,RR,RR,wickets,6,MI,TA Boult
1422131,DC,CSK,DC,runs,20,CSK,KK Ahmed
1422130,SRH,GT,GT,wickets,7,SRH,MM Sharma
1422129,LSG,PBKS,LSG,runs,21,PBKS,MP Yadav
1422128,RCB,KKR,KKR,wickets,7,RCB,SP Narine
1422127,RR,DC,RR,runs,12,DC,R Parag
1422126,SRH,MI,SRH,runs,31,MI,Abhishek Sharma
1422125,CSK,GT,CSK,runs,63,GT,S Dube
1422124,PBKS,RCB,RCB,wickets,4,PBKS,V Kohli
1422123,GT,MI,GT,runs,6,MI,B Sai Sudharsan
1422122,RR,LSG,RR,runs,20,LSG,SV Samson
1422121,KKR,SRH,KKR,runs,4,SRH,AD Russell
1422120,DC,PBKS,PBKS,wickets,4,DC,SM Curran
1422119,RCB,CSK,CSK,wickets,6,RCB,Mustafizur Rahman
1370353,GT,CSK,CSK,wickets,5,GT,DP Conway
1370352,GT,MI,GT,runs,62,MI,Shubman Gill
1370351,MI,LSG,MI,runs,81,LSG,Akash Madhwal
1370350,CSK,GT,CSK,runs,15,GT,RD Gaikwad
1359544,RCB,GT,GT,wickets,6,RCB,Shubman Gill
1359543,SRH,MI,MI,wickets,8,SRH,C Green
1359542,LSG,KKR,LSG,runs,1,KKR,N Pooran
1359541,CSK,DC,CSK,runs,77,DC,RD Gaikwad
1359540,PBKS,RR,RR,wickets,4,PBKS,D Padikkal
1359539,SRH,RCB,RCB,wickets,8,SRH,V Kohli
1359538,DC,PBKS,DC,runs,15,PBKS,RR Rossouw
1359537,LSG,MI,LSG,runs,5,MI,MP Stoinis
1359536,GT,SRH,GT,runs,34,SRH,Shubman Gill
1359535,CSK,KKR,KKR,wickets,6,CSK,RK Singh
1359534,RCB,RR,RCB,runs,112,RR,WD Parnell
1359533,PBKS,DC,PBKS,runs,31,DC,P Simran Singh
1359532,SRH,LSG,LSG,wickets,7,SRH,PN Mankad
1359531,MI,GT,MI,runs,27,GT,SA Yadav
1359530,KKR,RR,RR,wickets,9,KKR,YBK Jaiswal
1359529,CSK,DC,CSK,runs,27,DC,RA Jadeja
1359528,RCB,MI,MI,wickets,6,RCB,SA Yadav
1359527,PBKS,KKR,KKR,wickets,5,PBKS,AD Russell
1359526,RR,SRH,SRH,wickets,4,RR,GD Phillips
1359525,GT,LSG,GT,runs,56,LSG,Shubman Gill
1359524,RCB,DC,DC,wickets,7,RCB,PD Salt
1359523,MI,CSK,CSK,wickets,6,MI,M Pathirana
1359522,RR,GT,GT,wickets,9,RR,Rashid Khan
1359521,KKR,SRH,KKR,runs,5,SRH,CV Varun
1359520,PBKS,MI,MI,wickets,6,PBKS,Ishan Kishan
1359519,LSG,CSK,,N/A,N/A,,N/A
1359518,DC,GT,DC,runs,5,GT,Mohammed Shami
1359517,RCB,LSG,RCB,runs,18,LSG,F du Plessis
1359516,RR,MI,MI,wickets,6,RR,YBK Jaiswal
1359515,CSK,PBKS,PBKS,wickets,4,CSK,DP Conway
1359514,SRH,DC,SRH,runs,9,DC,MR Marsh
1359513,KKR,GT,GT,wickets,7,KKR,J Little
1359512,LSG,PBKS,LSG,runs,56,PBKS,MP Stoinis
1359511,RR,CSK,RR,runs,32,CSK,YBK Jaiswal
1359510,KKR,RCB,KKR,runs,21,RCB,CV Varun
1359509,GT,MI,GT,runs,55,MI,A Manohar
1359508,DC,SRH,DC,runs,7,SRH,AR Patel
1359507,CSK,KKR,CSK,runs,49,KKR,AM Rahane
1359506,RCB,RR,RCB,runs,7,RR,GJ Maxwell
1359505,PBKS,MI,PBKS,runs,13,MI,SM Curran
1359504,GT,LSG,GT,runs,7,LSG,MM Sharma
1359503,SRH,CSK,CSK,wickets,7,SRH,RA Jadeja
1359502,KKR,DC,DC,wickets,4,KKR,I Sharma
1359501,RCB,PBKS,RCB,runs,24,PBKS,Mohammed Siraj
1359500,LSG,RR,LSG,runs,10,RR,MP Stoinis
1359499,MI,SRH,MI,runs,14,SRH,C Green
1359498,CSK,RCB,CSK,runs,8,RCB,DP Conway
1359497,GT,RR,RR,wickets,3,GT,SO Hetmyer
1359496,KKR,MI,MI,wickets,5,KKR,VR Iyer
1359495,LSG,PBKS,PBKS,wickets,2,LSG,Sikandar Raza
1359494,RCB,DC,RCB,runs,23,DC,V Kohli
1359493,SRH,KKR,SRH,runs,23,KKR,HC Brook
1359492,PBKS,GT,GT,wickets,6,PBKS,MM Sharma
1359491,RR,CSK,RR,runs,3,CSK,R Ashwin
1359490,DC,MI,MI,wickets,6,DC,RG Sharma
1359489,RCB,LSG,LSG,wickets,1,RCB,N Pooran
1359488,PBKS,SRH,SRH,wickets,8,PBKS,S Dhawan
1359487,GT,KKR,KKR,wickets,3,GT,RK Singh
1359486,MI,CSK,CSK,wickets,7,MI,RA Jadeja
1359485,RR,DC,RR,runs,57,DC,YBK Jaiswal
1359484,SRH,LSG,LSG,wickets,5,SRH,KH Pandya
1359483,KKR,RCB,KKR,runs,81,RCB,SN Thakur
1359482,PBKS,RR,PBKS,runs,5,RR,NT Ellis
1359481,DC,GT,GT,wickets,6,DC,B Sai Sudharsan
1359480,CSK,LSG,CSK,runs,12,LSG,MM Ali
1359479,MI,RCB,RCB,wickets,8,MI,F du Plessis
1359478,RR,SRH,RR,runs,72,SRH,JC Buttler
1359477,LSG,DC,LSG,runs,50,DC,MA Wood
1359476,PBKS,KKR,PBKS,runs,7,KKR,Arshdeep Singh
1359475,CSK,GT,GT,wickets,5,CSK,Rashid Khan
1312200,RR,GT,GT,wickets,7,RR,HH Pandya
1312199,RCB,RR,RR,wickets,7,RCB,JC Buttler
1312198,RCB,LSG,RCB,runs,14,LSG,RM Patidar
1312197,RR,GT,GT,wickets,7,RR,DA Miller
1304116,SRH,PBKS,PBKS,wickets,5,SRH,Harpreet Brar
1304115,DC,MI,MI,wickets,5,DC,JJ Bumrah
1304114,CSK,RR,RR,wickets,5,CSK,R Ashwin
1304113,GT,RCB,RCB,wickets,8,GT,V Kohli
1304112,LSG,KKR,LSG,runs,2,KKR,Q de Kock
1304111,SRH,MI,SRH,runs,3,MI,RA Tripathi
1304110,DC,PBKS,DC,runs,17,PBKS,SN Thakur
1304109,RR,LSG,RR,runs,24,LSG,TA Boult
1304108,CSK,GT,GT,wickets,7,CSK,WP Saha
1304107,KKR,SRH,KKR,runs,54,SRH,AD Russell
1304106,PBKS,RCB,PBKS,runs,54,RCB,JM Bairstow
1304105,CSK,MI,MI,wickets,5,CSK,DR Sams
1304104,RR,DC,DC,wickets,8,RR,MR Marsh
1304103,GT,LSG,GT,runs,62,LSG,Shubman Gill
1304102,KKR,MI,KKR,runs,52,MI,JJ Bumrah
1304101,CSK,DC,CSK,runs,91,DC,DP Conway
1304100,RCB,SRH,RCB,runs,67,SRH,PWH de Silva
1304099,LSG,KKR,LSG,runs,75,KKR,Avesh Khan
1304098,PBKS,RR,RR,wickets,6,PBKS,YBK Jaiswal
1304097,MI,GT,MI,runs,5,GT,TH David
1304096,DC,SRH,DC,runs,21,SRH,DA Warner
1304095,RCB,CSK,RCB,runs,13,CSK,HV Patel
1304094,GT,PBKS,PBKS,wickets,8,GT,K Rabada
1304093,RR,KKR,KKR,wickets,7,RR,RK Singh
1304092,CSK,SRH,CSK,runs,13,SRH,RD Gaikwad
1304091,LSG,DC,LSG,runs,6,DC,Mohsin Khan
1304090,RR,MI,MI,wickets,5,RR,SA Yadav
1304089,RCB,GT,GT,wickets,6,RCB,R Tewatia
1304088,LSG,PBKS,LSG,runs,20,PBKS,KH Pandya
1304087,KKR,DC,DC,wickets,4,KKR,Kuldeep Yadav
1304086,SRH,GT,GT,wickets,5,SRH,Umran Malik
1304085,RR,RCB,RR,runs,29,RCB,R Parag
1304084,PBKS,CSK,PBKS,runs,11,CSK,S Dhawan
1304083,LSG,MI,LSG,runs,36,MI,KL Rahul
1304082,RCB,SRH,SRH,wickets,9,RCB,M Jansen
1304081,GT,KKR,GT,runs,8,KKR,Rashid Khan
1304080,RR,DC,RR,runs,15,DC,JC Buttler
1304079,MI,CSK,CSK,wickets,3,MI,Mukesh Choudhary
1304078,PBKS,DC,DC,wickets,9,PBKS,Kuldeep Yadav
1304077,RCB,LSG,RCB,runs,18,LSG,F du Plessis
1304076,RR,KKR,RR,runs,7,KKR,YS Chahal
1304075,CSK,GT,GT,wickets,3,CSK,DA Miller
1304074,PBKS,SRH,SRH,wickets,7,PBKS,Umran Malik
1304073,RCB,DC,RCB,runs,16,DC,KD Karthik
1304072,LSG,MI,LSG,runs,18,MI,KL Rahul
1304071,KKR,SRH,SRH,wickets,7,KKR,RA Tripathi
1304070,GT,RR,GT,runs,37,RR,HH Pandya
1304069,PBKS,MI,PBKS,runs,12,MI,MA Agarwal
1304068,CSK,RCB,CSK,runs,23,RCB,S Dube
1304067,GT,SRH,SRH,wickets,8,GT,KS Williamson
1304066,RR,LSG,RR,runs,3,LSG,YS Chahal
1304065,DC,KKR,DC,runs,44,KKR,Kuldeep Yadav
1304064,MI,RCB,RCB,wickets,7,MI,Anuj Rawat
1304063,CSK,SRH,SRH,wickets,8,CSK,Abhishek Sharma
1304062,PBKS,GT,GT,wickets,6,PBKS,Shubman Gill
1304061,DC,LSG,LSG,wickets,6,DC,Q de Kock
1304060,MI,KKR,KKR,wickets,5,MI,PJ Cummins
1304059,RR,RCB,RCB,wickets,4,RR,KD Karthik
1304058,LSG,SRH,LSG,runs,12,SRH,Avesh Khan
1304057,PBKS,CSK,PBKS,runs,54,CSK,LS Livingstone
1304056,GT,DC,GT,runs,14,DC,LH Ferguson
1304055,RR,MI,RR,runs,23,MI,JC Buttler
1304054,PBKS,KKR,KKR,wickets,6,PBKS,UT Yadav
1304053,CSK,LSG,LSG,wickets,6,CSK,E Lewis
1304052,KKR,RCB,RCB,wickets,3,KKR,PWH de Silva
1304051,RR,SRH,RR,runs,61,SRH,SV Samson
1304050,LSG,GT,GT,wickets,5,LSG,Mohammed Shami
1304049,RCB,PBKS,PBKS,wickets,5,RCB,OF Smith
1304048,MI,DC,DC,wickets,4,MI,Kuldeep Yadav
1304047,CSK,KKR,KKR,wickets,6,CSK,UT Yadav
1254117,CSK,KKR,CSK,runs,27,KKR,F du Plessis
1254116,DC,KKR,KKR,wickets,3,DC,VR Iyer
1254115,RCB,KKR,KKR,wickets,4,RCB,SP Narine
1254114,DC,CSK,CSK,wickets,4,DC,RD Gaikwad
1254101,DC,RCB,RCB,wickets,7,DC,KS Bharat
1254088,MI,SRH,MI,runs,42,SRH,Ishan Kishan
1254106,KKR,RR,KKR,runs,86,RR,Shivam Mavi
1254094,CSK,PBKS,PBKS,wickets,6,CSK,KL Rahul
1254095,SRH,RCB,SRH,runs,4,RCB,KS Williamson
1254093,RR,MI,MI,wickets,8,RR,NM Coulter-Nile
1254110,CSK,DC,DC,wickets,3,CSK,AR Patel
1254109,SRH,KKR,KKR,wickets,6,SRH,Shubman Gill
1254090,RCB,PBKS,RCB,runs,6,PBKS,GJ Maxwell
1254112,MI,DC,DC,wickets,4,MI,AR Patel
1254089,CSK,RR,RR,wickets,7,CSK,RD Gaikwad
1254102,KKR,PBKS,PBKS,wickets,5,KKR,KL Rahul
1254091,SRH,CSK,CSK,wickets,6,SRH,JR Hazlewood
1254103,RR,RCB,RCB,wickets,7,RR,YS Chahal
1254099,PBKS,MI,MI,wickets,6,PBKS,KA Pollard
1254092,DC,KKR,KKR,wickets,3,DC,SP Narine
1254100,RR,SRH,SRH,wickets,7,RR,JJ Roy
1254108,RCB,MI,RCB,runs,54,MI,GJ Maxwell
1254098,KKR,CSK,CSK,wickets,2,KKR,RA Jadeja
1254107,PBKS,SRH,PBKS,runs,5,SRH,JO Holder
1254097,DC,RR,DC,runs,33,RR,SS Iyer
1254113,RCB,CSK,CSK,wickets,6,RCB,DJ Bravo
1254096,MI,KKR,KKR,wickets,7,MI,SP Narine
1254105,SRH,DC,DC,wickets,8,SRH,A Nortje
1254111,RR,PBKS,RR,runs,2,PBKS,Kartik Tyagi
1254087,RCB,KKR,KKR,wickets,9,RCB,CV Varun
1254104,CSK,MI,CSK,runs,20,MI,RD Gaikwad
1254086,PBKS,DC,DC,wickets,7,PBKS,MA Agarwal
1254085,RR,SRH,RR,runs,55,SRH,JC Buttler
1254084,CSK,MI,MI,wickets,4,CSK,KA Pollard
1254083,PBKS,RCB,PBKS,runs,34,RCB,Harpreet Brar
1254082,KKR,DC,DC,wickets,7,KKR,PP Shaw
1254081,RR,MI,MI,wickets,7,RR,Q de Kock
1254080,SRH,CSK,CSK,wickets,7,SRH,RD Gaikwad
1254079,RCB,DC,RCB,runs,1,DC,AB de Villiers
1254078,PBKS,KKR,KKR,wickets,5,PBKS,EJG Morgan
1254077,DC,SRH,,N/A,N/A,,N/A
1254076,CSK,RCB,CSK,runs,69,RCB,RA Jadeja
1254075,KKR,RR,RR,wickets,6,KKR,CH Morris
1254074,MI,PBKS,PBKS,wickets,9,MI,KL Rahul
1254073,RR,RCB,RCB,wickets,10,RR,D Padikkal
1254072,CSK,KKR,CSK,runs,18,KKR,F du Plessis
1254071,PBKS,SRH,SRH,wickets,9,PBKS,JM Bairstow
1254070,MI,DC,DC,wickets,6,MI,A Mishra
1254069,CSK,RR,CSK,runs,45,RR,MM Ali
1254068,PBKS,DC,DC,wickets,6,PBKS,S Dhawan
1254067,RCB,KKR,RCB,runs,38,KKR,AB de Villiers
1254066,MI,SRH,MI,runs,13,SRH,KA Pollard
1254065,PBKS,CSK,CSK,wickets,6,PBKS,DL Chahar
1254064,DC,RR,RR,wickets,3,DC,JD Unadkat
1254063,RCB,SRH,RCB,runs,6,SRH,GJ Maxwell
1254062,MI,KKR,MI,runs,10,KKR,RD Chahar
1254061,PBKS,RR,PBKS,runs,4,RR,SV Samson
1254060,KKR,SRH,KKR,runs,10,SRH,N Rana
1254059,CSK,DC,DC,wickets,7,CSK,S Dhawan
1254058,MI,RCB,RCB,wickets,2,MI,HV Patel
1237181,DC,MI,MI,wickets,5,DC,TA Boult
1237180,DC,SRH,DC,runs,17,SRH,MP Stoinis
1237178,RCB,SRH,SRH,wickets,6,RCB,KS Williamson
1237177,MI,DC,MI,runs,57,DC,JJ Bumrah
1216495,MI,SRH,SRH,wickets,10,MI,S Nadeem
1216505,RCB,DC,DC,wickets,6,RCB,A Nortje
1216530,KKR,RR,KKR,runs,60,RR,PJ Cummins
1216506,PBKS,CSK,CSK,wickets,9,PBKS,RD Gaikwad
1216535,DC,MI,MI,wickets,9,DC,Ishan Kishan
1216502,RCB,SRH,SRH,wickets,5,RCB,Sandeep Sharma
1216537,PBKS,RR,RR,wickets,7,PBKS,BA Stokes
1216536,KKR,CSK,CSK,wickets,6,KKR,RD Gaikwad
1216499,RCB,MI,MI,wickets,5,RCB,SA Yadav
1216524,SRH,DC,SRH,runs,88,DC,WP Saha
1216520,KKR,PBKS,PBKS,wickets,8,KKR,CH Gayle
1216544,RCB,CSK,CSK,wickets,8,RCB,RD Gaikwad
1216541,MI,RR,RR,wickets,8,MI,BA Stokes
1216498,PBKS,SRH,PBKS,runs,12,SRH,CJ Jordan
1216497,KKR,DC,KKR,runs,59,DC,CV Varun
1216521,CSK,MI,MI,wickets,10,CSK,TA Boult
1216518,RR,SRH,SRH,wickets,8,RR,MK Pandey
1216494,KKR,RCB,RCB,wickets,8,KKR,Mohammed Siraj
1216546,DC,PBKS,PBKS,wickets,5,DC,S Dhawan
1216533,CSK,RR,RR,wickets,7,CSK,JC Buttler
1216517,MI,PBKS,,N/A,N/A,,N/A
1216512,KKR,SRH,,N/A,N/A,,N/A
1216522,RR,RCB,RCB,wickets,7,RR,AB de Villiers
1216509,CSK,DC,DC,wickets,5,CSK,S Dhawan
1216526,KKR,MI,MI,wickets,8,KKR,Q de Kock
1216531,RCB,PBKS,PBKS,wickets,8,RCB,KL Rahul
1216543,DC,RR,DC,runs,13,RR,A Nortje
1216528,CSK,SRH,CSK,runs,20,SRH,RA Jadeja
1216540,RCB,KKR,RCB,runs,82,KKR,AB de Villiers
1216529,DC,MI,MI,wickets,5,DC,Q de Kock
1216507,SRH,RR,RR,wickets,5,SRH,R Tewatia
1216525,RCB,CSK,RCB,runs,37,CSK,V Kohli
1216523,KKR,PBKS,KKR,runs,2,PBKS,KD Karthik
1216500,DC,RR,DC,runs,46,RR,R Ashwin
1216542,SRH,PBKS,SRH,runs,69,PBKS,JM Bairstow
1216501,KKR,CSK,KKR,runs,10,CSK,RA Tripathi
1216511,MI,RR,MI,runs,57,RR,SA Yadav
1216519,DC,RCB,DC,runs,59,RCB,AR Patel
1216538,MI,SRH,MI,runs,34,SRH,TA Boult
1216513,PBKS,CSK,CSK,wickets,10,PBKS,SR Watson
1216515,DC,KKR,DC,runs,18,KKR,SS Iyer
1216514,RR,RCB,RCB,wickets,8,RR,YS Chahal
1216516,SRH,CSK,SRH,runs,7,CSK,PK Garg
1216503,MI,PBKS,MI,runs,48,PBKS,KA Pollard
1216504,KKR,RR,KKR,runs,37,RR,Shivam Mavi
1216532,SRH,DC,SRH,runs,15,DC,Rashid Khan
1216547,RCB,MI,,N/A,N/A,,N/A
1216527,PBKS,RR,RR,wickets,4,PBKS,SV Samson
1216545,SRH,KKR,KKR,wickets,7,SRH,Shubman Gill
1216539,DC,CSK,DC,runs,44,CSK,PP Shaw
1216510,PBKS,RCB,PBKS,runs,97,RCB,KL Rahul
1216508,MI,KKR,MI,runs,49,KKR,RG Sharma
1216496,RR,CSK,RR,runs,16,CSK,SV Samson
1216534,RCB,SRH,RCB,runs,10,SRH,YS Chahal
1216493,DC,PBKS,,N/A,N/A,,N/A
1216492,MI,CSK,CSK,wickets,5,MI,AT Rayudu
1181768,MI,CSK,MI,runs,1,CSK,JJ Bumrah
1181767,DC,CSK,CSK,wickets,6,DC,F du Plessis
1181766,SRH,DC,DC,wickets,2,SRH,RR Pant
1181764,CSK,MI,MI,wickets,6,CSK,SA Yadav
1178431,KKR,MI,MI,wickets,9,KKR,HH Pandya
1178430,CSK,PBKS,PBKS,wickets,6,CSK,KL Rahul
1178429,SRH,RCB,RCB,wickets,4,SRH,SO Hetmyer
1178428,RR,DC,DC,wickets,5,RR,A Mishra
1178427,PBKS,KKR,KKR,wickets,7,PBKS,Shubman Gill
1178426,MI,SRH,,N/A,N/A,,N/A
1178425,CSK,DC,CSK,runs,80,DC,MS Dhoni
1178424,RCB,RR,,N/A,N/A,,N/A
1178423,SRH,PBKS,SRH,runs,45,PBKS,DA Warner
1178422,KKR,MI,KKR,runs,34,MI,AD Russell
1178421,DC,RCB,DC,runs,16,RCB,S Dhawan
1178420,SRH,RR,RR,wickets,7,SRH,JD Unadkat
1178419,MI,CSK,MI,runs,46,CSK,RG Sharma
1178418,KKR,RR,RR,wickets,3,KKR,VR Aaron
1178417,RCB,PBKS,RCB,runs,17,PBKS,AB de Villiers
1178416,SRH,CSK,CSK,wickets,6,SRH,SR Watson
1178415,RR,DC,DC,wickets,6,RR,RR Pant
1178414,RCB,CSK,RCB,runs,1,CSK,PA Patel
1178413,KKR,SRH,SRH,wickets,9,KKR,KK Ahmed
1178412,PBKS,DC,DC,wickets,5,PBKS,SS Iyer
1178411,MI,RR,RR,wickets,5,MI,SPD Smith
1178410,RCB,KKR,RCB,runs,10,KKR,V Kohli
1178409,MI,DC,MI,runs,40,DC,HH Pandya
1178408,CSK,SRH,SRH,wickets,6,CSK,DA Warner
1178407,PBKS,RR,PBKS,runs,12,RR,R Ashwin
1178406,RCB,MI,MI,wickets,5,RCB,SL Malinga
1178405,DC,SRH,DC,runs,39,SRH,KMA Paul
1178404,KKR,CSK,CSK,wickets,5,KKR,Imran Tahir
1178403,PBKS,RCB,RCB,wickets,8,PBKS,AB de Villiers
1178402,MI,RR,RR,wickets,4,MI,JC Buttler
1178401,KKR,DC,DC,wickets,7,KKR,S Dhawan
1178400,RR,CSK,CSK,wickets,4,RR,MS Dhoni
1178399,PBKS,MI,MI,wickets,3,PBKS,KA Pollard
1178398,KKR,CSK,CSK,wickets,7,KKR,DL Chahar
1178397,SRH,PBKS,PBKS,wickets,6,SRH,KL Rahul
1178396,RR,KKR,KKR,wickets,8,RR,HF Gurney
1178395,RCB,DC,DC,wickets,4,RCB,K Rabada
1178394,MI,SRH,MI,runs,40,SRH,AS Joseph
1178393,CSK,PBKS,CSK,runs,22,PBKS,Harbhajan Singh
1175372,RCB,KKR,KKR,wickets,5,RCB,AD Russell
1175371,DC,SRH,SRH,wickets,5,DC,JM Bairstow
1175370,MI,CSK,MI,runs,37,CSK,HH Pandya
1175369,RCB,RR,RR,wickets,7,RCB,S Gopal
1175368,PBKS,DC,PBKS,runs,14,DC,SM Curran
1175367,CSK,RR,CSK,runs,8,RR,MS Dhoni
1175366,SRH,RCB,SRH,runs,118,RCB,JM Bairstow
1175365,KKR,DC,,N/A,N/A,,N/A
1175364,MI,PBKS,PBKS,wickets,8,MI,MA Agarwal
1175363,RR,SRH,SRH,wickets,5,RR,Rashid Khan
1175362,MI,RCB,MI,runs,6,RCB,JJ Bumrah
1175361,KKR,PBKS,KKR,runs,28,PBKS,AD Russell
1175360,DC,CSK,CSK,wickets,6,DC,SR Watson
1175359,PBKS,RR,PBKS,runs,14,RR,CH Gayle
1175358,DC,MI,DC,runs,37,MI,RR Pant
1175357,SRH,KKR,KKR,wickets,6,SRH,AD Russell
1175356,RCB,CSK,CSK,wickets,7,RCB,Harbhajan Singh
1136620,SRH,CSK,CSK,wickets,8,SRH,SR Watson
1136619,SRH,KKR,SRH,runs,14,KKR,Rashid Khan
1136618,KKR,RR,KKR,runs,25,RR,AD Russell
1136617,SRH,CSK,CSK,wickets,2,SRH,F du Plessis
1136616,PBKS,CSK,CSK,wickets,5,PBKS,L Ngidi
1136615,DC,MI,DC,runs,11,MI,A Mishra
1136614,SRH,KKR,KKR,wickets,5,SRH,CA Lynn
1136613,RR,RCB,RR,runs,30,RCB,S Gopal
1136612,DC,CSK,DC,runs,34,CSK,HV Patel
1136611,RCB,SRH,RCB,runs,14,SRH,AB de Villiers
1136610,MI,PBKS,MI,runs,3,PBKS,JJ Bumrah
1136609,RR,KKR,KKR,wickets,6,RR,Kuldeep Yadav
1136608,PBKS,RCB,RCB,wickets,10,PBKS,UT Yadav
1136607,MI,RR,RR,wickets,7,MI,JC Buttler
1136606,SRH,CSK,CSK,wickets,8,SRH,AT Rayudu
1136605,DC,RCB,RCB,wickets,5,DC,AB de Villiers
1136604,KKR,PBKS,KKR,runs,31,PBKS,SP Narine
1136603,CSK,RR,RR,wickets,4,CSK,JC Buttler
1136602,DC,SRH,SRH,wickets,9,DC,S Dhawan
1136601,MI,KKR,MI,runs,102,KKR,Ishan Kishan
1136600,RR,PBKS,RR,runs,15,PBKS,JC Buttler
1136599,SRH,RCB,SRH,runs,5,RCB,KS Williamson
1136598,RR,PBKS,PBKS,wickets,6,RR,Mujeeb Ur Rahman
1136597,MI,KKR,MI,runs,13,KKR,HH Pandya
1136596,DC,SRH,SRH,wickets,7,DC,Rashid Khan
1136595,RCB,CSK,CSK,wickets,6,RCB,RA Jadeja
1136594,PBKS,MI,MI,wickets,6,PBKS,SA Yadav
1136593,CSK,KKR,KKR,wickets,6,CSK,SP Narine
1136592,DC,RR,DC,runs,4,RR,RR Pant
1136591,RCB,MI,RCB,runs,14,MI,TG Southee
1136590,CSK,DC,CSK,runs,13,DC,SR Watson
1136589,RCB,KKR,KKR,wickets,6,RCB,CA Lynn
1136588,SRH,RR,SRH,runs,11,RR,KS Williamson
1136587,CSK,MI,MI,wickets,8,CSK,RG Sharma
1136586,DC,KKR,DC,runs,55,KKR,SS Iyer
1136585,SRH,PBKS,SRH,runs,13,PBKS,AS Rajpoot
1136584,RCB,CSK,CSK,wickets,5,RCB,MS Dhoni
1136583,SRH,MI,SRH,runs,31,MI,Rashid Khan
1136582,PBKS,DC,PBKS,runs,4,DC,AS Rajpoot
1136581,MI,RR,RR,wickets,3,MI,JC Archer
1136580,CSK,SRH,CSK,runs,4,SRH,AT Rayudu
1136579,DC,RCB,RCB,wickets,6,DC,AB de Villiers
1136578,KKR,PBKS,PBKS,wickets,9,KKR,KL Rahul
1136577,CSK,RR,CSK,runs,64,RR,SR Watson
1136576,PBKS,SRH,PBKS,runs,15,SRH,CH Gayle
1136575,RR,KKR,KKR,wickets,7,RR,N Rana
1136574,MI,RCB,MI,runs,46,RCB,RG Sharma
1136573,KKR,DC,KKR,runs,71,DC,N Rana
1136572,PBKS,CSK,PBKS,runs,4,CSK,CH Gayle
1136571,RR,RCB,RR,runs,19,RCB,SV Samson
1136570,KKR,SRH,SRH,wickets,5,KKR,B Stanlake
1136569,MI,DC,DC,wickets,7,MI,JJ Roy
1136568,PBKS,RCB,RCB,wickets,4,PBKS,UT Yadav
1136567,MI,SRH,SRH,wickets,1,MI,Rashid Khan
1136566,RR,DC,RR,runs,10,DC,SV Samson
1136565,KKR,CSK,CSK,wickets,5,KKR,SW Billings
1136564,RR,SRH,SRH,wickets,9,RR,S Dhawan
1136563,RCB,KKR,KKR,wickets,4,RCB,SP Narine
1136562,DC,PBKS,PBKS,wickets,6,DC,KL Rahul
1136561,MI,CSK,CSK,wickets,1,MI,DJ Bravo
1082650,MI,RPS,MI,runs,1,RPS,KH Pandya
1082649,MI,KKR,MI,wickets,6,KKR,KV Sharma
1082648,SRH,KKR,KKR,wickets,7,SRH,NM Coulter-Nile
1082647,MI,RPS,RPS,runs,20,MI,Washington Sundar
1082646,DC,RCB,RCB,runs,10,DC,HV Patel
1082645,RPS,PBKS,RPS,wickets,9,PBKS,JD Unadkat
1082644,KKR,MI,MI,runs,9,KKR,AT Rayudu
1082643,GL,SRH,SRH,wickets,8,GL,Mohammed Siraj
1082642,DC,RPS,DC,runs,7,RPS,KK Nair
1082641,MI,PBKS,PBKS,runs,7,MI,WP Saha
1082640,GL,DC,DC,wickets,2,GL,SS Iyer
1082639,PBKS,KKR,PBKS,runs,14,KKR,MM Sharma
1082638,SRH,MI,SRH,wickets,7,MI,S Dhawan
1082637,PBKS,GL,GL,wickets,6,PBKS,DR Smith
1082636,RCB,KKR,KKR,wickets,6,RCB,SP Narine
1082635,DC,MI,MI,runs,146,DC,LMP Simmons
1082634,SRH,RPS,RPS,runs,12,SRH,JD Unadkat
1082633,RCB,PBKS,PBKS,runs,19,RCB,Sandeep Sharma
1082632,DC,GL,DC,wickets,7,GL,RR Pant
1082631,KKR,RPS,RPS,wickets,4,KKR,RA Tripathi
1082630,DC,SRH,DC,wickets,6,SRH,Mohammed Shami
1082629,RPS,GL,RPS,wickets,5,GL,BA Stokes
1082628,MI,RCB,MI,wickets,5,RCB,RG Sharma
1082627,SRH,KKR,SRH,runs,48,KKR,DA Warner
1082626,PBKS,DC,PBKS,wickets,10,DC,Sandeep Sharma
1082625,GL,MI,,N/A,N/A,,N/A
1082624,RPS,RCB,RPS,runs,61,RCB,LH Ferguson
1082623,PBKS,SRH,SRH,runs,26,PBKS,Rashid Khan
1082622,KKR,DC,KKR,wickets,7,DC,G Gambhir
1082621,RCB,GL,GL,wickets,7,RCB,AJ Tye
1082620,RPS,KKR,KKR,wickets,7,RPS,RV Uthappa
1082618,MI,RPS,RPS,runs,3,MI,BA Stokes
1082617,KKR,RCB,KKR,runs,82,RCB,NM Coulter-Nile
1082616,GL,PBKS,PBKS,runs,26,GL,HM Amla
1082615,RPS,SRH,RPS,wickets,6,SRH,MS Dhoni
1082614,MI,DC,MI,runs,14,DC,MJ McClenaghan
1082613,KKR,GL,GL,wickets,4,KKR,SK Raina
1082612,PBKS,MI,MI,wickets,8,PBKS,JC Buttler
1082611,SRH,DC,SRH,runs,15,DC,KS Williamson
1082610,GL,RCB,RCB,runs,21,GL,CH Gayle
1082609,SRH,PBKS,SRH,runs,5,PBKS,B Kumar
1082608,DC,KKR,KKR,wickets,4,DC,NM Coulter-Nile
1082607,RCB,RPS,RPS,runs,27,RCB,BA Stokes
1082606,MI,GL,MI,wickets,6,GL,N Rana
1082605,DC,PBKS,DC,runs,51,PBKS,CJ Anderson
1082604,KKR,SRH,KKR,runs,17,SRH,RV Uthappa
1082603,GL,RPS,GL,wickets,7,RPS,AJ Tye
1082602,RCB,MI,MI,wickets,4,RCB,KA Pollard
1082601,KKR,PBKS,KKR,wickets,8,PBKS,SP Narine
1082600,MI,SRH,MI,wickets,4,SRH,JJ Bumrah
1082599,RPS,DC,DC,runs,97,RPS,SV Samson
1082598,PBKS,RCB,PBKS,wickets,8,RCB,AR Patel
1082597,MI,KKR,MI,wickets,4,KKR,N Rana
1082596,SRH,GL,SRH,wickets,9,GL,Rashid Khan
1082595,RCB,DC,RCB,runs,15,DC,KM Jadhav
1082594,PBKS,RPS,PBKS,wickets,6,RPS,GJ Maxwell
1082593,GL,KKR,KKR,wickets,10,GL,CA Lynn
1082592,RPS,MI,RPS,wickets,7,MI,SPD Smith
1082591,SRH,RCB,SRH,runs,35,RCB,Yuvraj Singh
981019,RCB,SRH,SRH,runs,8,RCB,BCJ Cutting
981017,GL,SRH,SRH,wickets,4,GL,DA Warner
981015,SRH,KKR,SRH,runs,22,KKR,MC Henriques
981013,GL,RCB,RCB,wickets,4,GL,AB de Villiers
981011,DC,RCB,RCB,wickets,6,DC,V Kohli
981009,KKR,SRH,KKR,runs,22,SRH,YK Pathan
981007,GL,MI,GL,wickets,6,MI,SK Raina
981005,RPS,PBKS,RPS,wickets,4,PBKS,MS Dhoni
981003,DC,SRH,DC,wickets,6,SRH,KK Nair
981001,GL,KKR,GL,wickets,6,KKR,DR Smith
980999,RCB,PBKS,RCB,runs,82,PBKS,V Kohli
980997,RPS,DC,RPS,runs,19,DC,AB Dinda
980995,KKR,RCB,RCB,wickets,9,KKR,V Kohli
980993,MI,DC,MI,runs,80,DC,KH Pandya
980991,PBKS,SRH,SRH,wickets,7,PBKS,HM Amla
980989,KKR,RPS,KKR,wickets,8,RPS,YK Pathan
980987,RCB,GL,RCB,runs,144,GL,AB de Villiers
980985,MI,PBKS,PBKS,wickets,7,MI,MP Stoinis
980983,SRH,DC,DC,wickets,7,SRH,CH Morris
980981,RCB,MI,MI,wickets,6,RCB,KH Pandya
980979,RPS,SRH,SRH,runs,4,RPS,A Zampa
980977,PBKS,RCB,RCB,runs,1,PBKS,SR Watson
980975,KKR,GL,GL,wickets,5,KKR,P Kumar
980973,MI,SRH,SRH,runs,85,MI,A Nehra
980971,PBKS,DC,PBKS,runs,9,DC,MP Stoinis
980969,RCB,RPS,RCB,wickets,7,RPS,V Kohli
980967,SRH,GL,SRH,wickets,5,GL,B Kumar
980965,DC,RPS,RPS,wickets,7,DC,AM Rahane
980963,KKR,PBKS,KKR,runs,7,PBKS,AD Russell
980961,GL,DC,DC,wickets,8,GL,RR Pant
980959,RCB,KKR,KKR,wickets,5,RCB,AD Russell
980957,RPS,MI,MI,wickets,8,RPS,RG Sharma
980955,GL,PBKS,PBKS,runs,23,GL,AR Patel
980953,SRH,RCB,SRH,runs,15,RCB,DA Warner
980951,DC,KKR,DC,runs,27,KKR,CR Brathwaite
980949,RPS,GL,GL,wickets,3,RPS,DR Smith
980947,MI,KKR,MI,wickets,6,KKR,RG Sharma
980945,DC,GL,GL,runs,1,DC,CH Morris
980943,SRH,RPS,RPS,runs,34,SRH,AB Dinda
980941,PBKS,MI,MI,runs,25,PBKS,PA Patel
980939,RPS,KKR,KKR,wickets,2,RPS,SA Yadav
980937,GL,RCB,GL,wickets,6,RCB,V Kohli
980935,SRH,PBKS,SRH,wickets,5,PBKS,Mustafizur Rahman
980933,DC,MI,DC,runs,10,MI,SV Samson
980931,RPS,RCB,RCB,runs,13,RPS,AB de Villiers
980929,GL,SRH,SRH,wickets,10,GL,B Kumar
980927,MI,RCB,MI,wickets,6,RCB,RG Sharma
980925,PBKS,KKR,KKR,wickets,6,PBKS,RV Uthappa
980923,SRH,MI,SRH,wickets,7,MI,DA Warner
980921,RCB,DC,DC,wickets,7,RCB,Q de Kock
980919,PBKS,RPS,PBKS,wickets,6,RPS,M Vohra
980917,MI,GL,GL,wickets,3,MI,AJ Finch
980915,SRH,KKR,KKR,wickets,8,SRH,G Gambhir
980913,DC,PBKS,DC,wickets,8,PBKS,A Mishra
980911,GL,RPS,GL,wickets,7,RPS,AJ Finch
980909,KKR,MI,MI,wickets,6,KKR,RG Sharma
980907,RCB,SRH,RCB,runs,45,SRH,AB de Villiers
980905,PBKS,GL,GL,wickets,5,PBKS,AJ Finch
980903,KKR,DC,KKR,wickets,9,DC,AD Russell
980901,MI,RPS,RPS,wickets,9,MI,AM Rahane
829823,MI,CSK,MI,runs,41,CSK,RG Sharma
829821,CSK,RCB,CSK,wickets,3,RCB,A Nehra
829819,RCB,RR,RCB,runs,71,RR,AB de Villiers
829817,CSK,MI,MI,runs,25,CSK,KA Pollard
829815,SRH,MI,MI,wickets,9,SRH,MJ McClenaghan
829813,RCB,DC,,N/A,N/A,,N/A
829811,RR,KKR,RR,runs,9,KKR,SR Watson
829809,PBKS,CSK,CSK,wickets,7,PBKS,P Negi
829807,SRH,RCB,RCB,wickets,6,SRH,V Kohli
829805,MI,KKR,MI,runs,5,KKR,HH Pandya
829803,PBKS,RCB,PBKS,runs,22,RCB,AR Patel
829801,DC,CSK,DC,wickets,6,CSK,Z Khan
829799,SRH,PBKS,SRH,runs,5,PBKS,DA Warner
829797,CSK,RR,CSK,runs,12,RR,RA Jadeja
829795,MI,RCB,RCB,runs,39,MI,AB de Villiers
829793,DC,SRH,SRH,runs,6,DC,MC Henriques
829791,KKR,PBKS,KKR,wickets,1,PBKS,AD Russell
829789,CSK,MI,MI,wickets,6,CSK,HH Pandya
829787,RR,SRH,SRH,runs,7,RR,EJG Morgan
829761,KKR,DC,KKR,runs,13,DC,PP Chawla
829785,RCB,PBKS,RCB,runs,138,PBKS,CH Gayle
829783,MI,DC,MI,wickets,5,DC,Harbhajan Singh
829781,KKR,SRH,KKR,runs,35,SRH,UT Yadav
829779,CSK,RCB,CSK,runs,24,RCB,SK Raina
829777,RR,DC,RR,runs,14,DC,AM Rahane
829775,PBKS,MI,MI,runs,23,PBKS,LMP Simmons
829773,SRH,CSK,SRH,runs,22,CSK,DA Warner
829771,RCB,KKR,RCB,wickets,7,KKR,Mandeep Singh
829769,MI,RR,MI,runs,8,RR,AT Rayudu
829767,DC,PBKS,DC,wickets,9,PBKS,NM Coulter-Nile
829723,KKR,CSK,KKR,wickets,7,CSK,AD Russell
829763,RCB,RR,,N/A,N/A,,N/A
829765,CSK,KKR,CSK,runs,2,KKR,DJ Bravo
829759,PBKS,SRH,SRH,runs,20,PBKS,TA Boult
829757,DC,RCB,RCB,wickets,10,DC,VR Aaron
829753,CSK,PBKS,CSK,runs,97,PBKS,BB McCullum
829751,MI,SRH,MI,runs,20,SRH,SL Malinga
829749,RR,RCB,RCB,wickets,9,RR,MA Starc
829747,DC,MI,DC,runs,37,MI,SS Iyer
829745,RCB,CSK,CSK,runs,27,RCB,SK Raina
829743,SRH,KKR,SRH,runs,16,KKR,DA Warner
829741,RR,PBKS,,N/A,N/A,,N/A
829739,DC,KKR,KKR,wickets,6,DC,UT Yadav
829737,RCB,MI,MI,runs,18,RCB,Harbhajan Singh
829735,RR,CSK,RR,wickets,8,CSK,AM Rahane
829733,PBKS,KKR,KKR,wickets,4,PBKS,AD Russell
829731,SRH,DC,DC,runs,4,SRH,JP Duminy
829729,MI,CSK,CSK,wickets,6,MI,A Nehra
829727,SRH,RR,RR,wickets,6,SRH,AM Rahane
829725,PBKS,DC,DC,wickets,5,PBKS,MA Agarwal
829721,RR,MI,RR,wickets,7,MI,SPD Smith
829719,RCB,SRH,SRH,wickets,8,RCB,DA Warner
829717,MI,PBKS,PBKS,runs,18,MI,GJ Bailey
829715,DC,RR,RR,wickets,3,DC,DJ Hooda
829713,KKR,RCB,RCB,wickets,3,KKR,CH Gayle
829711,CSK,SRH,CSK,runs,45,SRH,BB McCullum
829709,PBKS,RR,RR,runs,26,PBKS,JP Faulkner
829707,CSK,DC,CSK,runs,1,DC,A Nehra
829705,KKR,MI,KKR,wickets,7,MI,M Morkel
734049,KKR,PBKS,KKR,wickets,3,PBKS,MK Pandey
734047,CSK,PBKS,PBKS,runs,24,CSK,V Sehwag
734045,CSK,MI,CSK,wickets,7,MI,SK Raina
734043,PBKS,KKR,KKR,runs,28,PBKS,UT Yadav
734041,MI,RR,MI,wickets,5,RR,CJ Anderson
734039,PBKS,DC,PBKS,wickets,7,DC,M Vohra
734037,KKR,SRH,KKR,wickets,4,SRH,YK Pathan
734035,RCB,CSK,CSK,wickets,8,RCB,MS Dhoni
734033,PBKS,RR,PBKS,runs,16,RR,SE Marsh
734031,MI,DC,MI,runs,15,DC,MEK Hussey
734029,CSK,SRH,SRH,wickets,6,CSK,DA Warner
734027,KKR,RCB,KKR,runs,30,RCB,RV Uthappa
734025,PBKS,MI,MI,wickets,7,PBKS,LMP Simmons
734023,KKR,CSK,KKR,wickets,8,CSK,RV Uthappa
734021,SRH,RCB,SRH,wickets,7,RCB,DA Warner
734019,DC,PBKS,PBKS,wickets,4,DC,AR Patel
734017,RR,MI,MI,runs,25,RR,MEK Hussey
734015,SRH,KKR,KKR,wickets,7,SRH,UT Yadav
734013,CSK,RCB,RCB,wickets,5,CSK,AB de Villiers
734011,RR,DC,RR,runs,62,DC,AM Rahane
734009,KKR,MI,KKR,wickets,6,MI,RV Uthappa
734007,SRH,PBKS,PBKS,wickets,6,SRH,WP Saha
734005,RCB,DC,RCB,runs,16,DC,Yuvraj Singh
734003,CSK,RR,CSK,wickets,5,RR,RA Jadeja
734001,SRH,MI,MI,wickets,7,SRH,AT Rayudu
733999,RCB,RR,RR,wickets,5,RCB,JP Faulkner
733997,PBKS,KKR,KKR,wickets,9,PBKS,G Gambhir
733995,MI,CSK,CSK,wickets,4,MI,DR Smith
733993,DC,SRH,SRH,wickets,8,DC,DW Steyn
733991,RCB,PBKS,PBKS,runs,32,RCB,Sandeep Sharma
733989,RR,SRH,SRH,runs,32,RR,B Kumar
733987,PBKS,CSK,PBKS,runs,44,CSK,GJ Maxwell
733985,DC,KKR,KKR,wickets,8,DC,G Gambhir
733983,MI,RCB,MI,runs,19,RCB,RG Sharma
733981,DC,CSK,CSK,wickets,8,DC,DR Smith
733979,RR,KKR,RR,runs,10,KKR,PV Tambe
733977,RCB,SRH,RCB,wickets,4,SRH,AB de Villiers
733975,DC,RR,RR,wickets,7,DC,KK Nair
733973,MI,PBKS,MI,wickets,5,PBKS,CJ Anderson
733971,CSK,KKR,CSK,runs,34,KKR,RA Jadeja
729317,MI,SRH,SRH,runs,15,MI,B Kumar
729315,KKR,RR,,N/A,N/A,,N/A
729313,PBKS,RCB,PBKS,wickets,5,RCB,Sandeep Sharma
729311,SRH,CSK,CSK,wickets,5,SRH,DR Smith
729309,DC,MI,DC,wickets,6,MI,M Vijay
729307,KKR,PBKS,PBKS,runs,23,KKR,Sandeep Sharma
729305,RR,RCB,RR,wickets,6,RCB,PV Tambe
729303,CSK,MI,CSK,wickets,7,MI,MM Sharma
729301,SRH,DC,SRH,runs,4,DC,AJ Finch
729299,RCB,KKR,KKR,runs,2,RCB,CA Lynn
729297,RR,CSK,CSK,runs,7,RR,RA Jadeja
729295,PBKS,SRH,PBKS,runs,72,SRH,GJ Maxwell
729293,CSK,DC,CSK,runs,93,DC,SK Raina
729291,RR,PBKS,PBKS,wickets,7,RR,GJ Maxwell
729289,KKR,DC,DC,wickets,4,KKR,JP Duminy
729287,RCB,MI,RCB,wickets,7,MI,PA Patel
729285,SRH,RR,RR,wickets,4,SRH,AM Rahane
729283,CSK,PBKS,PBKS,wickets,6,CSK,GJ Maxwell
729281,DC,RCB,RCB,wickets,8,DC,YS Chahal
729279,MI,KKR,KKR,runs,41,MI,JH Kallis
598073,CSK,MI,MI,runs,23,CSK,KA Pollard
598072,MI,RR,MI,wickets,4,RR,Harbhajan Singh
598071,RR,SRH,RR,wickets,4,SRH,BJ Hodge
598070,CSK,MI,CSK,runs,48,MI,MEK Hussey
598069,SRH,KKR,SRH,wickets,5,KKR,PA Patel
598067,PW,DC,PW,runs,38,DC,LJ Wright
598068,RCB,CSK,RCB,runs,24,CSK,V Kohli
598066,PBKS,MI,PBKS,runs,50,MI,Azhar Mahmood
598065,SRH,RR,SRH,runs,23,RR,A Mishra
598028,PBKS,DC,PBKS,runs,7,DC,DA Miller
598063,MI,RR,MI,runs,14,RR,AP Tare
598061,KKR,PW,PW,runs,7,KKR,MK Pandey
598062,CSK,DC,CSK,runs,33,DC,MS Dhoni
598045,RCB,PBKS,PBKS,wickets,7,RCB,AC Gilchrist
598060,MI,SRH,MI,wickets,7,SRH,KA Pollard
598058,RR,CSK,RR,wickets,5,CSK,SR Watson
598057,KKR,RCB,KKR,wickets,5,RCB,JH Kallis
598056,PBKS,SRH,SRH,runs,30,PBKS,PA Patel
598055,PW,MI,MI,wickets,5,PW,MG Johnson
598054,DC,RCB,RCB,runs,4,DC,JD Unadkat
598053,PW,KKR,KKR,runs,46,PW,G Gambhir
598052,PBKS,RR,RR,wickets,8,PBKS,KK Cooper
598051,SRH,CSK,CSK,runs,77,SRH,SK Raina
598050,MI,KKR,MI,runs,65,KKR,SR Tendulkar
598049,RR,DC,RR,wickets,9,DC,AM Rahane
598064,PBKS,RCB,PBKS,wickets,6,RCB,DA Miller
598047,RR,PW,RR,wickets,5,PW,AM Rahane
598046,MI,CSK,MI,runs,60,CSK,MG Johnson
598044,SRH,DC,SRH,wickets,6,DC,DJG Sammy
598043,KKR,RR,KKR,wickets,8,RR,YK Pathan
598042,PW,RCB,RCB,runs,17,PW,AB de Villiers
598041,CSK,PBKS,CSK,runs,15,PBKS,SK Raina
598040,DC,KKR,DC,wickets,7,KKR,DA Warner
598039,SRH,MI,SRH,wickets,7,MI,I Sharma
598038,PW,CSK,CSK,runs,37,PW,MS Dhoni
598037,MI,PBKS,MI,runs,4,PBKS,RG Sharma
598036,RR,RCB,RR,wickets,4,RCB,SV Samson
598035,DC,PW,DC,runs,15,PW,DA Warner
598034,CSK,KKR,CSK,runs,14,KKR,MEK Hussey
598033,MI,RCB,MI,runs,58,RCB,DR Smith
598032,RR,SRH,RR,wickets,8,SRH,JP Faulkner
598031,KKR,PBKS,KKR,wickets,6,PBKS,JH Kallis
598030,CSK,SRH,CSK,wickets,5,SRH,MS Dhoni
598029,KKR,MI,MI,wickets,5,KKR,DR Smith
598059,DC,PBKS,PBKS,wickets,5,DC,Harmeet Singh
598027,RCB,PW,RCB,runs,130,PW,CH Gayle
598026,CSK,RR,CSK,wickets,5,RR,MEK Hussey
598025,PBKS,PW,PBKS,wickets,7,PW,DA Miller
598024,DC,MI,DC,wickets,9,MI,V Sehwag
598023,RCB,RR,RCB,wickets,7,RR,R Vinay Kumar
598022,KKR,CSK,CSK,wickets,4,KKR,RA Jadeja
598021,SRH,PBKS,SRH,wickets,5,PBKS,GH Vihari
598020,DC,CSK,CSK,runs,86,DC,MEK Hussey
598019,RR,MI,RR,runs,87,MI,AM Rahane
598018,PW,SRH,SRH,runs,11,PW,A Mishra
598017,RCB,DC,,N/A,N/A,,N/A
598016,PBKS,KKR,PBKS,runs,4,KKR,MS Gony
598015,CSK,PW,PW,runs,24,CSK,SPD Smith
598014,RR,PBKS,RR,wickets,6,PBKS,JP Faulkner
598013,KKR,SRH,KKR,runs,48,SRH,G Gambhir
598012,CSK,RCB,CSK,wickets,4,RCB,RA Jadeja
598011,MI,PW,MI,runs,41,PW,RG Sharma
598010,DC,SRH,SRH,wickets,3,DC,A Mishra
598009,PW,RR,PW,wickets,7,RR,AJ Finch
598008,RCB,KKR,RCB,wickets,8,KKR,CH Gayle
598007,PBKS,CSK,CSK,wickets,10,PBKS,MEK Hussey
598048,RCB,SRH,RCB,wickets,7,SRH,V Kohli
598006,MI,DC,MI,runs,44,DC,KD Karthik
598005,RR,KKR,RR,runs,19,KKR,SK Trivedi
598004,SRH,RCB,,N/A,N/A,,N/A
598003,PW,PBKS,PBKS,wickets,8,PW,M Vohra
598002,CSK,MI,MI,runs,9,CSK,KA Pollard
598001,DC,RR,RR,runs,5,DC,R Dravid
598000,SRH,PW,SRH,runs,22,PW,A Mishra
597999,RCB,MI,RCB,runs,2,MI,CH Gayle
597998,KKR,DC,KKR,wickets,6,DC,SP Narine
548381,KKR,CSK,KKR,wickets,5,CSK,MS Bisla
548380,DC,CSK,CSK,runs,86,DC,M Vijay
548379,CSK,MI,CSK,runs,38,MI,MS Dhoni
548378,DC,KKR,KKR,runs,18,DC,YK Pathan
548377,RR,MI,MI,wickets,10,RR,DR Smith
548376,DCH,RCB,DCH,runs,9,RCB,DW Steyn
548375,PW,KKR,KKR,runs,34,PW,Shakib Al Hasan
548374,PBKS,DC,DC,wickets,6,PBKS,UT Yadav
548373,DCH,RR,DCH,wickets,5,RR,DW Steyn
548372,DC,RCB,RCB,runs,21,DC,CH Gayle
548371,PBKS,CSK,PBKS,wickets,6,CSK,AC Gilchrist
548370,MI,KKR,KKR,runs,32,MI,SP Narine
548369,DC,PBKS,DC,wickets,5,PBKS,UT Yadav
548368,KKR,CSK,CSK,wickets,5,KKR,MEK Hussey
548367,RCB,MI,MI,wickets,5,RCB,AT Rayudu
548366,PBKS,DCH,PBKS,wickets,4,DCH,DJ Hussey
548365,RR,PW,RR,runs,45,PW,A Chandila
548364,CSK,DC,CSK,wickets,9,DC,BW Hilfenhaus
548363,KKR,MI,MI,runs,27,KKR,RG Sharma
548362,PW,RCB,RCB,runs,35,PW,CH Gayle
548361,RR,CSK,CSK,wickets,4,RR,BW Hilfenhaus
548329,DCH,DC,DC,wickets,9,DCH,DA Warner
548360,MI,RCB,RCB,wickets,9,MI,CH Gayle
548359,DCH,PBKS,PBKS,runs,25,DCH,Mandeep Singh
548358,PW,RR,RR,wickets,7,PW,SR Watson
548357,DC,KKR,KKR,wickets,6,DC,JH Kallis
548356,RCB,DCH,RCB,wickets,5,DCH,AB de Villiers
548355,MI,CSK,MI,wickets,2,CSK,DR Smith
548354,PBKS,RR,RR,runs,43,PBKS,SR Watson
548353,KKR,PW,KKR,runs,7,PW,SP Narine
548352,CSK,DCH,CSK,runs,10,DCH,SK Raina
548351,PW,MI,MI,runs,1,PW,SL Malinga
548350,RCB,PBKS,PBKS,wickets,4,RCB,Azhar Mahmood
548349,RR,DC,DC,wickets,6,RR,P Negi
548348,DCH,PW,DCH,runs,13,PW,KC Sangakkara
548347,CSK,KKR,KKR,wickets,5,CSK,G Gambhir
548346,MI,DCH,MI,wickets,5,DCH,DW Steyn
548345,DC,RR,DC,runs,1,RR,V Sehwag
548344,KKR,RCB,KKR,runs,47,RCB,G Gambhir
548343,CSK,PBKS,PBKS,runs,7,CSK,Mandeep Singh
548342,DC,MI,DC,runs,37,MI,V Sehwag
548341,PW,DCH,DCH,runs,18,PW,CL White
548339,PBKS,MI,MI,wickets,4,PBKS,AT Rayudu
548337,PW,DC,DC,wickets,8,PW,V Sehwag
548336,RR,RCB,RCB,runs,46,RR,AB de Villiers
548335,DCH,KKR,KKR,wickets,5,DCH,B Lee
548334,MI,PBKS,PBKS,wickets,6,MI,SE Marsh
548333,DC,PW,PW,runs,20,DC,SC Ganguly
548332,CSK,RR,CSK,wickets,7,RR,F du Plessis
548331,PBKS,RCB,RCB,wickets,5,PBKS,CH Gayle
548330,CSK,PW,CSK,runs,13,PW,KMDN Kulasekara
548321,DC,DCH,DC,wickets,5,DCH,KP Pietersen
548328,PBKS,KKR,KKR,wickets,8,PBKS,G Gambhir
548327,RCB,PW,RCB,wickets,6,PW,CH Gayle
548326,RR,DCH,RR,wickets,5,DCH,BJ Hodge
548325,MI,DC,DC,wickets,7,MI,S Nadeem
548324,RCB,RR,RR,runs,59,RCB,AM Rahane
548323,KKR,PBKS,PBKS,runs,2,KKR,SP Narine
548322,PW,CSK,PW,wickets,7,CSK,JD Ryder
548320,KKR,RR,KKR,wickets,5,RR,Shakib Al Hasan
548319,PBKS,PW,PBKS,wickets,7,PW,AD Mascarenhas
548318,CSK,RCB,CSK,wickets,5,RCB,F du Plessis
548317,MI,RR,MI,runs,27,RR,KA Pollard
548316,DC,CSK,DC,wickets,8,CSK,M Morkel
548315,RCB,KKR,KKR,runs,42,RCB,L Balaji
548314,DCH,MI,MI,wickets,5,DCH,RG Sharma
548313,PW,PBKS,PW,runs,22,PBKS,MN Samuels
548312,RR,KKR,RR,runs,22,KKR,BJ Hodge
548311,DCH,CSK,CSK,runs,74,DCH,RA Jadeja
548310,RCB,DC,RCB,runs,20,DC,AB de Villiers
548309,RR,PBKS,RR,runs,31,PBKS,AM Rahane
548308,MI,PW,PW,runs,28,MI,SPD Smith
548307,KKR,DC,DC,wickets,8,KKR,IK Pathan
548306,CSK,MI,MI,wickets,8,CSK,RE Levi
501271,CSK,RCB,CSK,runs,58,RCB,M Vijay
501270,RCB,MI,RCB,runs,43,MI,CH Gayle
501269,MI,KKR,MI,wickets,4,KKR,MM Patel
501268,RCB,CSK,CSK,wickets,6,RCB,SK Raina
501267,KKR,MI,MI,wickets,5,KKR,JEC Franklin
501266,RCB,CSK,RCB,wickets,8,CSK,CH Gayle
501265,DC,PW,,N/A,N/A,,N/A
501264,PBKS,DCH,DCH,runs,82,PBKS,S Dhawan
501263,MI,RR,RR,wickets,10,MI,SR Watson
501262,PW,KKR,KKR,wickets,7,PW,YK Pathan
501261,CSK,KTK,CSK,runs,11,KTK,WP Saha
501260,PBKS,RCB,PBKS,runs,111,RCB,AC Gilchrist
501259,PW,DCH,DCH,wickets,6,PW,A Mishra
501258,KTK,RR,KTK,wickets,8,RR,BJ Hodge
501257,PBKS,DC,PBKS,runs,29,DC,PP Chawla
501256,MI,DCH,DCH,runs,10,MI,A Mishra
501255,RCB,KKR,RCB,wickets,4,KKR,CH Gayle
501254,KTK,PBKS,PBKS,wickets,6,KTK,KD Karthik
501253,CSK,DC,CSK,runs,18,DC,MS Dhoni
501252,RR,RCB,RCB,wickets,9,RR,S Aravind
501251,PBKS,MI,PBKS,runs,76,MI,BA Bhatt
501250,DCH,PW,PW,wickets,6,DCH,MR Marsh
501249,RR,CSK,CSK,runs,63,RR,M Vijay
501248,PBKS,PW,PW,wickets,5,PBKS,R Sharma
501247,RCB,KTK,RCB,wickets,9,KTK,CH Gayle
501246,MI,DC,MI,runs,32,DC,AT Rayudu
501245,KKR,CSK,KKR,runs,10,CSK,Iqbal Abdulla
501244,RCB,PBKS,RCB,runs,85,PBKS,CH Gayle
501243,DCH,DC,DC,wickets,4,DCH,V Sehwag
501242,KTK,KKR,KTK,runs,17,KKR,BJ Hodge
501241,PW,MI,MI,runs,21,PW,R Sharma
501240,CSK,RR,CSK,wickets,8,RR,MEK Hussey
501239,DCH,KKR,KKR,runs,20,DCH,YK Pathan
501238,DC,KTK,KTK,wickets,7,DC,P Parameswaran
501237,MI,PBKS,MI,runs,23,PBKS,KA Pollard
501236,CSK,DCH,CSK,runs,19,DCH,JA Morkel
501235,RR,PW,RR,wickets,6,PW,LRPL Taylor
501234,KKR,PBKS,KKR,wickets,8,PBKS,Iqbal Abdulla
501233,KTK,DC,DC,runs,38,KTK,V Sehwag
501232,RCB,PW,RCB,runs,26,PW,V Kohli
501231,RR,MI,RR,wickets,7,MI,J Botha
501230,DC,KKR,KKR,runs,17,DC,MK Tiwary
501229,KTK,DCH,DCH,runs,55,KTK,I Sharma
501228,PW,CSK,CSK,wickets,8,PW,DE Bollinger
501227,DC,RCB,RCB,wickets,3,DC,V Kohli
501226,CSK,PW,CSK,runs,25,PW,MEK Hussey
501225,RR,KTK,RR,wickets,8,KTK,SK Warne
501224,DCH,MI,MI,runs,37,DCH,SL Malinga
501223,DC,PBKS,DC,runs,29,PBKS,DA Warner
501222,KKR,RCB,RCB,wickets,9,KKR,CH Gayle
501221,MI,CSK,MI,runs,8,CSK,Harbhajan Singh
501220,PBKS,RR,PBKS,runs,48,RR,SE Marsh
501219,KKR,KTK,KTK,runs,6,KKR,DPMD Jayawardene
501218,MI,PW,MI,wickets,7,PW,MM Patel
501216,DC,DCH,DCH,runs,16,DC,S Sohal
501215,KTK,CSK,KTK,wickets,7,CSK,BB McCullum
501214,KKR,RR,KKR,wickets,8,RR,L Balaji
501213,PW,DC,DC,wickets,3,PW,Yuvraj Singh
501212,DCH,PBKS,PBKS,wickets,8,DCH,PC Valthaty
501211,CSK,RCB,CSK,runs,21,RCB,MEK Hussey
501210,MI,KTK,KTK,wickets,8,MI,BB McCullum
501209,RR,KKR,KKR,wickets,9,RR,G Gambhir
501208,DCH,RCB,DCH,runs,33,RCB,DW Steyn
501207,PW,KTK,PW,wickets,4,KTK,MD Mishra
501206,PBKS,CSK,PBKS,wickets,6,CSK,PC Valthaty
501205,RCB,MI,MI,wickets,9,RCB,SR Tendulkar
501204,RR,DC,RR,wickets,6,DC,SK Warne
501203,KKR,DCH,KKR,runs,9,DCH,JH Kallis
501202,PW,PBKS,PW,wickets,7,PBKS,SB Wagh
501201,DC,MI,MI,wickets,8,DC,SL Malinga
501200,KTK,RCB,RCB,wickets,6,KTK,AB de Villiers
501199,DCH,RR,RR,wickets,8,DCH,SK Trivedi
501198,CSK,KKR,CSK,runs,2,KKR,S Anirudha
419165,CSK,MI,CSK,runs,22,MI,SK Raina
419164,RCB,DCH,RCB,wickets,9,DCH,A Kumble
419163,CSK,DCH,CSK,runs,38,DCH,DE Bollinger
419162,RCB,MI,MI,runs,35,RCB,KA Pollard
419161,KKR,MI,KKR,wickets,9,MI,M Kartik
419160,DC,DCH,DCH,runs,11,DC,A Symonds
419159,PBKS,CSK,CSK,wickets,6,PBKS,MS Dhoni
419158,KKR,RR,KKR,wickets,8,RR,JD Unadkat
419157,RCB,MI,MI,runs,57,RCB,R McLaren
419156,PBKS,DCH,DCH,wickets,5,PBKS,RG Sharma
419155,CSK,DC,DC,wickets,6,CSK,G Gambhir
419154,RR,RCB,RCB,wickets,5,RR,KP Pietersen
419153,CSK,KKR,CSK,wickets,9,KKR,R Ashwin
419152,MI,DC,MI,runs,39,DC,KA Pollard
419151,DCH,RCB,DCH,runs,13,RCB,Harmeet Singh
419150,RR,MI,MI,runs,37,RR,SR Tendulkar
419149,DC,PBKS,PBKS,wickets,7,DC,PP Chawla
419148,RCB,KKR,RCB,wickets,7,KKR,R Vinay Kumar
419147,DCH,CSK,DCH,wickets,6,CSK,RJ Harris
419146,PBKS,MI,PBKS,wickets,6,MI,KC Sangakkara
419145,RCB,DCH,DCH,wickets,7,RCB,TL Suman
419144,KKR,DC,KKR,runs,14,DC,SC Ganguly
419143,RR,PBKS,RR,wickets,9,PBKS,MJ Lumb
419142,CSK,MI,CSK,runs,24,MI,SK Raina
419141,DCH,RR,RR,runs,2,DCH,SK Warne
419140,DC,RCB,DC,runs,37,RCB,PD Collingwood
419139,KKR,PBKS,PBKS,wickets,8,KKR,DPMD Jayawardene
419138,MI,DCH,MI,runs,63,DCH,AT Rayudu
419137,CSK,RR,CSK,runs,23,RR,M Vijay
419136,PBKS,RCB,RCB,wickets,6,PBKS,KP Pietersen
419135,KKR,DCH,KKR,runs,24,DCH,SC Ganguly
419134,DC,RR,DC,runs,67,RR,KD Karthik
419133,CSK,RCB,CSK,wickets,5,RCB,M Vijay
419132,MI,PBKS,MI,wickets,4,PBKS,SL Malinga
419131,DC,KKR,DC,runs,40,KKR,DA Warner
419130,DCH,MI,MI,runs,41,DCH,Harbhajan Singh
419129,RR,CSK,RR,runs,17,CSK,NV Ojha
419127,PBKS,KKR,KKR,runs,39,PBKS,MK Tiwary
419126,RR,DCH,RR,wickets,8,DCH,YK Pathan
419128,RCB,DC,DC,runs,17,RCB,KM Jadhav
419125,CSK,MI,MI,wickets,5,CSK,SR Tendulkar
419124,PBKS,RR,RR,runs,31,PBKS,AC Voges
419123,RCB,CSK,RCB,runs,36,CSK,RV Uthappa
419122,MI,KKR,MI,wickets,7,KKR,SR Tendulkar
419121,CSK,PBKS,,N/A,N/A,,N/A
419120,DCH,DC,DCH,runs,10,DC,A Symonds
419119,MI,RCB,RCB,wickets,7,MI,JH Kallis
419118,RR,KKR,RR,runs,34,KKR,AA Jhunjhunwala
419117,DCH,PBKS,DCH,runs,6,PBKS,A Symonds
419116,DC,CSK,CSK,wickets,5,DC,ML Hayden
419115,RCB,RR,RCB,wickets,10,RR,JH Kallis
419114,DC,MI,MI,runs,98,DC,SR Tendulkar
419113,KKR,CSK,CSK,runs,55,KKR,MS Dhoni
419112,RCB,PBKS,RCB,wickets,8,PBKS,JH Kallis
419111,RR,DC,DC,wickets,6,RR,V Sehwag
419110,CSK,DCH,DCH,runs,31,CSK,WPUJC Vaas
419109,KKR,RCB,KKR,wickets,7,RCB,MK Tiwary
419108,PBKS,DC,DC,wickets,5,PBKS,G Gambhir
419107,MI,RR,MI,runs,4,RR,YK Pathan
419106,DCH,KKR,KKR,runs,11,DCH,AD Mathews
392239,RCB,DCH,DCH,runs,6,RCB,A Kumble
392238,RCB,CSK,RCB,wickets,6,CSK,MK Pandey
392237,DC,DCH,DCH,wickets,6,DC,AC Gilchrist
392236,RCB,DCH,RCB,runs,12,DCH,MK Pandey
392235,DC,MI,DC,wickets,4,MI,V Sehwag
392234,CSK,PBKS,CSK,runs,24,PBKS,M Muralitharan
392233,KKR,RR,KKR,wickets,4,RR,LR Shukla
392232,RCB,DC,RCB,wickets,7,DC,JH Kallis
392231,CSK,KKR,KKR,wickets,7,CSK,BJ Hodge
392230,DC,RR,DC,runs,14,RR,AB de Villiers
392229,DCH,PBKS,PBKS,runs,1,DCH,Yuvraj Singh
392228,DCH,KKR,DCH,wickets,6,KKR,RG Sharma
392227,CSK,MI,CSK,wickets,7,MI,ML Hayden
392226,DC,PBKS,PBKS,wickets,6,DC,B Lee
392225,MI,RR,RR,runs,2,MI,SK Warne
392224,RCB,CSK,RCB,wickets,2,CSK,LRPL Taylor
392223,DCH,DC,DC,runs,12,DCH,R Bhatia
392222,PBKS,MI,MI,wickets,8,PBKS,Harbhajan Singh
392221,RCB,KKR,RCB,wickets,6,KKR,LRPL Taylor
392220,DCH,RR,DCH,runs,53,RR,DR Smith
392219,DC,KKR,DC,wickets,7,KKR,A Mishra
392218,RCB,MI,MI,runs,16,RCB,JP Duminy
392217,CSK,RR,CSK,wickets,7,RR,S Badrinath
392216,DCH,PBKS,PBKS,wickets,3,DCH,DPMD Jayawardene
392215,DC,MI,DC,wickets,7,MI,A Nehra
392214,CSK,PBKS,CSK,runs,12,PBKS,ML Hayden
392213,RCB,RR,RR,wickets,7,RCB,A Singh
392212,DCH,MI,DCH,runs,19,MI,RG Sharma
392211,DC,KKR,DC,wickets,9,KKR,G Gambhir
392210,PBKS,RR,RR,runs,78,PBKS,GC Smith
392209,CSK,DCH,CSK,runs,78,DCH,MS Dhoni
392208,RCB,MI,RCB,wickets,9,MI,JH Kallis
392207,PBKS,KKR,PBKS,wickets,6,KKR,DPMD Jayawardene
392206,CSK,DC,CSK,runs,18,DC,SB Jakati
392205,DCH,RR,RR,wickets,3,DCH,YK Pathan
392204,RCB,PBKS,RCB,runs,8,PBKS,Yuvraj Singh
392203,KKR,MI,MI,runs,9,KKR,JP Duminy
392202,CSK,RR,CSK,runs,38,RR,SK Raina
392201,DCH,DC,DC,wickets,6,DCH,DP Nannes
392200,PBKS,MI,PBKS,runs,3,MI,KC Sangakkara
392199,RCB,KKR,RCB,wickets,5,KKR,MV Boucher
392198,DC,RR,RR,wickets,5,DC,YK Pathan
392197,KKR,MI,MI,runs,92,KKR,SR Tendulkar
392196,CSK,DCH,DCH,wickets,6,CSK,HH Gibbs
392195,PBKS,RR,PBKS,runs,27,RR,KC Sangakkara
392194,RCB,DC,DC,wickets,6,RCB,TM Dilshan
392192,DCH,MI,DCH,runs,12,MI,PP Ojha
392191,RCB,PBKS,PBKS,wickets,7,RCB,RS Bopara
392190,KKR,RR,,N/A,N/A,,N/A
392189,CSK,DC,DC,runs,9,CSK,AB de Villiers
392188,RCB,DCH,DCH,runs,24,RCB,AC Gilchrist
392186,PBKS,KKR,KKR,runs,11,PBKS,CH Gayle
392185,RCB,CSK,CSK,runs,92,RCB,M Muralitharan
392184,DCH,KKR,DCH,wickets,8,KKR,RP Singh
392183,DC,PBKS,DC,wickets,10,PBKS,DL Vettori
392182,RCB,RR,RCB,runs,75,RR,R Dravid
392181,CSK,MI,MI,runs,19,CSK,SR Tendulkar
336040,CSK,RR,RR,wickets,3,CSK,YK Pathan
336039,CSK,PBKS,CSK,wickets,9,PBKS,M Ntini
336038,DC,RR,RR,runs,105,DC,SR Watson
336019,PBKS,RR,PBKS,runs,41,RR,SE Marsh
336012,RCB,MI,MI,wickets,9,RCB,CRD Fernando
336037,DCH,CSK,CSK,wickets,7,DCH,SK Raina
336036,RR,MI,RR,wickets,5,MI,Sohail Tanvir
336035,KKR,PBKS,KKR,wickets,3,PBKS,Umar Gul
336002,DCH,RCB,RCB,wickets,5,DCH,R Vinay Kumar
336033,CSK,RR,RR,runs,10,CSK,JA Morkel
336032,DC,MI,DC,wickets,5,MI,KD Karthik
336031,PBKS,DCH,PBKS,wickets,6,DCH,SE Marsh
336029,CSK,RCB,RCB,runs,14,CSK,A Kumble
336028,MI,PBKS,PBKS,runs,1,MI,SE Marsh
336027,KKR,RR,RR,wickets,6,KKR,YK Pathan
336026,RCB,DC,DC,wickets,5,RCB,SP Goswami
336025,KKR,CSK,CSK,runs,3,KKR,M Ntini
336024,DCH,MI,MI,runs,25,DCH,DJ Bravo
336023,RR,RCB,RR,runs,65,RCB,GC Smith
336022,DC,PBKS,PBKS,runs,6,DC,DPMD Jayawardene
336021,MI,KKR,MI,wickets,8,KKR,SM Pollock
336020,DC,DCH,DC,runs,12,DCH,A Mishra
336018,MI,CSK,MI,wickets,9,CSK,ST Jayasuriya
336017,KKR,DC,KKR,runs,23,DC,Shoaib Akhtar
336016,PBKS,RCB,PBKS,wickets,9,RCB,SE Marsh
336015,RR,DC,RR,wickets,3,DC,SR Watson
336014,DCH,KKR,KKR,runs,23,DCH,SC Ganguly
336013,CSK,PBKS,CSK,runs,18,PBKS,L Balaji
336011,RR,DCH,RR,wickets,8,DCH,YK Pathan
336010,KKR,RCB,KKR,runs,5,RCB,SC Ganguly
336009,DC,CSK,CSK,wickets,4,DC,MS Dhoni
336008,MI,RR,MI,wickets,7,RR,A Nehra
336007,CSK,DCH,DCH,wickets,7,CSK,AC Gilchrist
336006,RCB,PBKS,PBKS,wickets,6,RCB,S Sreesanth
336005,RR,CSK,RR,wickets,8,CSK,Sohail Tanvir
336004,MI,DC,MI,runs,29,DC,SM Pollock
336034,RCB,DCH,RCB,runs,3,DCH,P Kumar
336003,PBKS,KKR,PBKS,runs,9,KKR,IK Pathan
336001,CSK,DC,DC,wickets,8,CSK,V Sehwag
336000,RR,KKR,RR,runs,45,KKR,SA Asnodkar
335999,DCH,PBKS,PBKS,wickets,7,DCH,SE Marsh
335998,DC,RCB,DC,runs,10,RCB,GD McGrath
335997,KKR,MI,MI,wickets,7,KKR,ST Jayasuriya
335996,RCB,CSK,CSK,runs,13,RCB,MS Dhoni
335995,PBKS,DC,PBKS,wickets,4,DC,SM Katich
335994,MI,DCH,DCH,wickets,10,MI,AC Gilchrist
335993,CSK,KKR,CSK,wickets,9,KKR,JDP Oram
335992,RCB,RR,RR,wickets,7,RCB,SR Watson
335991,PBKS,MI,PBKS,runs,66,MI,KC Sangakkara
335990,DCH,RR,RR,wickets,3,DCH,YK Pathan
335989,CSK,MI,CSK,runs,6,MI,ML Hayden
335988,DCH,DC,DC,wickets,9,DCH,V Sehwag
335987,RR,PBKS,RR,wickets,6,PBKS,SR Watson
335986,KKR,DCH,KKR,wickets,5,DCH,DJ Hussey
335985,MI,RCB,RCB,wickets,5,MI,MV Boucher
335984,DC,RR,DC,wickets,9,RR,MF Maharoof
335983,PBKS,CSK,CSK,runs,33,PBKS,MEK Hussey
335982,RCB,KKR,KKR,runs,140,RCB,BB McCullum
