,player_name,current_team,photo
0,A Manohar,IPL,https://documents.iplt20.com/ipl/assets/images/Default-Men.png
1,U Kaul,IPL,https://documents.iplt20.com/ipl/assets/images/Default-Men.png
2,SM Curran,IPL,https://documents.iplt20.com/ipl/assets/images/Default-Men.png
3,PP Ojha,IPL,https://documents.iplt20.com/ipl/assets/images/Default-Men.png
4,DS Kulkarni,IPL,https://documents.iplt20.com/ipl/assets/images/Default-Men.png
5,Sachin Baby,IPL,https://documents.iplt20.com/ipl/assets/images/Default-Men.png
6,Parvez Rasool,IPL,https://documents.iplt20.com/ipl/assets/images/Default-Men.png
7,AB Barath,IPL,https://documents.iplt20.com/ipl/assets/images/Default-Men.png
8,GS Sandhu,IPL,https://documents.iplt20.com/ipl/assets/images/Default-Men.png
9,KK Ahmed,CSK,https://documents.iplt20.com/ipl/IPLHeadshot2025/8.png
10,CJ McKay,IPL,https://documents.iplt20.com/ipl/assets/images/Default-Men.png
11,Akash Deep,IPL,https://documents.iplt20.com/ipl/assets/images/Default-Men.png
12,PD Collingwood,IPL,https://documents.iplt20.com/ipl/assets/images/Default-Men.png
13,T Henderson,IPL,https://documents.iplt20.com/ipl/assets/images/Default-Men.png
14,SS Agarwal,IPL,https://documents.iplt20.com/ipl/assets/images/Default-Men.png
15,AR Bawne,IPL,https://documents.iplt20.com/ipl/assets/images/Default-Men.png
16,RJ Quiney,IPL,https://documents.iplt20.com/ipl/assets/images/Default-Men.png
17,M Prasidh Krishna,IPL,https://documents.iplt20.com/ipl/assets/images/Default-Men.png
18,MR Marsh,IPL,https://documents.iplt20.com/ipl/assets/images/Default-Men.png
19,J Botha,IPL,https://documents.iplt20.com/ipl/assets/images/Default-Men.png
20,JA Richardson,IPL,https://documents.iplt20.com/ipl/assets/images/Default-Men.png
21,M Vohra,IPL,https://documents.iplt20.com/ipl/assets/images/Default-Men.png
22,AK Markram,IPL,https://documents.iplt20.com/ipl/assets/images/Default-Men.png
23,RV Pawar,IPL,https://documents.iplt20.com/ipl/assets/images/Default-Men.png
24,J Fraser-McGurk,IPL,https://documents.iplt20.com/ipl/assets/images/Default-Men.png
25,CJ Jordan,IPL,https://documents.iplt20.com/ipl/assets/images/Default-Men.png
26,Y Prithvi Raj,IPL,https://documents.iplt20.com/ipl/assets/images/Default-Men.png
27,RV Uthappa,IPL,https://documents.iplt20.com/ipl/assets/images/Default-Men.png
28,PJ Cummins,SRH,https://documents.iplt20.com/ipl/IPLHeadshot2025/33.png
29,B Kumar,RCB,https://documents.iplt20.com/ipl/IPLHeadshot2026/15.png
30,MM Sharma,IPL,https://documents.iplt20.com/ipl/assets/images/Default-Men.png
31,Pankaj Singh,IPL,https://documents.iplt20.com/ipl/assets/images/Default-Men.png
32,P Simran Singh,IPL,https://documents.iplt20.com/ipl/assets/images/Default-Men.png
33,R Ravindra,KKR,https://documents.iplt20.com/ipl/assets/images/Default-Men.png
34,MN Samuels,IPL,https://documents.iplt20.com/ipl/assets/images/Default-Men.png
35,DP Nannes,IPL,https://documents.iplt20.com/ipl/assets/images/Default-Men.png
36,OC McCoy,IPL,https://documents.iplt20.com/ipl/assets/images/Default-Men.png
37,CA Ingram,IPL,https://documents.iplt20.com/ipl/assets/images/Default-Men.png
38,K Upadhyay,IPL,https://documents.iplt20.com/ipl/assets/images/Default-Men.png
39,BAW Mendis,IPL,https://documents.iplt20.com/ipl/assets/images/Default-Men.png
40,Atharva Taide,IPL,https://documents.iplt20.com/ipl/assets/images/Default-Men.png
41,RP Singh,IPL,https://documents.iplt20.com/ipl/assets/images/Default-Men.png
42,AM Salvi,IPL,https://documents.iplt20.com/ipl/assets/images/Default-Men.png
43,MK Lomror,IPL,https://documents.iplt20.com/ipl/assets/images/Default-Men.png
44,CJ Green,IPL,https://documents.iplt20.com/ipl/assets/images/Default-Men.png
45,DL Vettori,IPL,https://documents.iplt20.com/ipl/assets/images/Default-Men.png
46,LA Carseldine,IPL,https://documents.iplt20.com/ipl/assets/images/Default-Men.png
47,AS Roy,KKR,https://documents.iplt20.com/ipl/IPLHeadshot2025/160.png
48,Priyansh Arya,IPL,https://documents.iplt20.com/ipl/assets/images/Default-Men.png
49,TS Mills,IPL,https://documents.iplt20.com/ipl/assets/images/Default-Men.png
50,AN Ghosh,IPL,https://documents.iplt20.com/ipl/assets/images/Default-Men.png
51,JP Duminy,IPL,https://documents.iplt20.com/ipl/assets/images/Default-Men.png
52,Mukesh Choudhary,CSK,https://documents.iplt20.com/ipl/IPLHeadshot2025/970.png
53,Sunny Singh,IPL,https://documents.iplt20.com/ipl/assets/images/Default-Men.png
54,SK Rasheed,IPL,https://documents.iplt20.com/ipl/assets/images/Default-Men.png
55,RD Chahar,CSK,https://gallery.chennaisuperkings.com/PROD/TEAM/Team56playerImgNoBg_1773206941099.png
56,PVD Chameera,IPL,https://documents.iplt20.com/ipl/assets/images/Default-Men.png
57,JO Holder,IPL,https://documents.iplt20.com/ipl/assets/images/Default-Men.png
58,Monu Kumar,IPL,https://documents.iplt20.com/ipl/assets/images/Default-Men.png
59,RT Ponting,IPL,https://documents.iplt20.com/ipl/assets/images/Default-Men.png
60,FH Edwards,IPL,https://documents.iplt20.com/ipl/assets/images/Default-Men.png
61,Ashwani Kumar,MI,https://documents.iplt20.com/ipl/IPLHeadshot2025/3569.png
62,AG Murtaza,IPL,https://documents.iplt20.com/ipl/assets/images/Default-Men.png
63,Zeeshan Ansari,IPL,https://documents.iplt20.com/ipl/assets/images/Default-Men.png
64,A Badoni,IPL,https://documents.iplt20.com/ipl/assets/images/Default-Men.png
65,T Natarajan,IPL,https://documents.iplt20.com/ipl/assets/images/Default-Men.png
66,TA Boult,MI,https://documents.iplt20.com/ipl/IPLHeadshot2025/66.png
67,Anuj Rawat,IPL,https://documents.iplt20.com/ipl/assets/images/Default-Men.png
68,DJ Jacobs,IPL,https://documents.iplt20.com/ipl/assets/images/Default-Men.png
69,RD Gaikwad,CSK,https://documents.iplt20.com/ipl/IPLHeadshot2025/102.png
70,VR Aaron,IPL,https://documents.iplt20.com/ipl/assets/images/Default-Men.png
71,MK Tiwary,IPL,https://documents.iplt20.com/ipl/assets/images/Default-Men.png
72,T Kohler-Cadmore,IPL,https://documents.iplt20.com/ipl/assets/images/Default-Men.png
73,V Sehwag,IPL,https://documents.iplt20.com/ipl/assets/images/Default-Men.png
74,VRV Singh,IPL,https://documents.iplt20.com/ipl/assets/images/Default-Men.png
75,SW Tait,IPL,https://documents.iplt20.com/ipl/assets/images/Default-Men.png
76,T Thushara,RCB,https://documents.iplt20.com/ipl/IPLHeadshot2025/813.png
77,Kuldeep Yadav,IPL,https://documents.iplt20.com/ipl/assets/images/Default-Men.png
78,Y Nagar,IPL,https://documents.iplt20.com/ipl/assets/images/Default-Men.png
79,S Anirudha,IPL,https://documents.iplt20.com/ipl/assets/images/Default-Men.png
80,M Markande,MI,https://www.mumbaiindians.com/static-assets/images/players/large/67126.png?v=4.16&w=200
81,M Kartik,IPL,https://documents.iplt20.com/ipl/assets/images/Default-Men.png
82,Musheer Khan,IPL,https://documents.iplt20.com/ipl/assets/images/Default-Men.png
83,MC Henriques,IPL,https://documents.iplt20.com/ipl/assets/images/Default-Men.png
84,AD Nath,IPL,https://documents.iplt20.com/ipl/assets/images/Default-Men.png
85,Vishnu Vinod,IPL,https://documents.iplt20.com/ipl/assets/images/Default-Men.png
86,Sikandar Raza,IPL,https://documents.iplt20.com/ipl/assets/images/Default-Men.png
87,B Lee,IPL,https://documents.iplt20.com/ipl/assets/images/Default-Men.png
88,K Goel,IPL,https://documents.iplt20.com/ipl/assets/images/Default-Men.png
89,Tanush Kotian,IPL,https://documents.iplt20.com/ipl/assets/images/Default-Men.png
90,JP Inglis,IPL,https://documents.iplt20.com/ipl/assets/images/Default-Men.png
91,RA Bawa,MI,https://documents.iplt20.com/ipl/IPLHeadshot2025/781.png
92,Abhishek Sharma,SRH,https://documents.iplt20.com/ipl/IPLHeadshot2026/212.png
93,M Pathirana,KKR,https://documents.iplt20.com/ipl/assets/images/Default-Men.png
94,TM Dilshan,IPL,https://documents.iplt20.com/ipl/assets/images/Default-Men.png
95,MJ Guptill,IPL,https://documents.iplt20.com/ipl/assets/images/Default-Men.png
96,Ankit Sharma,IPL,https://documents.iplt20.com/ipl/assets/images/Default-Men.png
97,RJW Topley,IPL,https://documents.iplt20.com/ipl/assets/images/Default-Men.png
98,I Udana,IPL,https://documents.iplt20.com/ipl/assets/images/Default-Men.png
99,RD Rickelton,MI,https://documents.iplt20.com/ipl/IPLHeadshot2025/743.png
100,K Gowtham,IPL,https://documents.iplt20.com/ipl/assets/images/Default-Men.png
101,Sandeep Sharma,IPL,https://documents.iplt20.com/ipl/assets/images/Default-Men.png
102,PN Mankad,IPL,https://documents.iplt20.com/ipl/assets/images/Default-Men.png
103,X Thalaivan Sargunam,IPL,https://documents.iplt20.com/ipl/assets/images/Default-Men.png
104,TH David,RCB,https://documents.iplt20.com/ipl/IPLHeadshot2026/636.png
105,MJ Suthar,IPL,https://documents.iplt20.com/ipl/assets/images/Default-Men.png
106,DE Bollinger,IPL,https://documents.iplt20.com/ipl/assets/images/Default-Men.png
107,P Dharmani,IPL,https://documents.iplt20.com/ipl/assets/images/Default-Men.png
108,CR Woakes,IPL,https://documents.iplt20.com/ipl/assets/images/Default-Men.png
109,CR Brathwaite,IPL,https://documents.iplt20.com/ipl/assets/images/Default-Men.png
110,A Zampa,IPL,https://documents.iplt20.com/ipl/assets/images/Default-Men.png
111,V Kaverappa,IPL,https://documents.iplt20.com/ipl/assets/images/Default-Men.png
112,KM Asif,IPL,https://documents.iplt20.com/ipl/assets/images/Default-Men.png
113,KV Sharma,IPL,https://documents.iplt20.com/ipl/assets/images/Default-Men.png
114,KS Rathore,IPL,https://documents.iplt20.com/ipl/assets/images/Default-Men.png
115,S Midhun,IPL,https://documents.iplt20.com/ipl/assets/images/Default-Men.png
116,LRPL Taylor,IPL,https://documents.iplt20.com/ipl/assets/images/Default-Men.png
117,Karim Janat,IPL,https://documents.iplt20.com/ipl/assets/images/Default-Men.png
118,GJ Bailey,IPL,https://documents.iplt20.com/ipl/assets/images/Default-Men.png
119,AA Kazi,IPL,https://documents.iplt20.com/ipl/assets/images/Default-Men.png
120,O Thomas,IPL,https://documents.iplt20.com/ipl/assets/images/Default-Men.png
121,R Powell,KKR,https://documents.iplt20.com/ipl/IPLHeadshot2025/329.png
122,SW Billings,IPL,https://documents.iplt20.com/ipl/assets/images/Default-Men.png
123,SS Sarkar,IPL,https://documents.iplt20.com/ipl/assets/images/Default-Men.png
124,BJ Hodge,IPL,https://documents.iplt20.com/ipl/assets/images/Default-Men.png
125,NK Patel,IPL,https://documents.iplt20.com/ipl/assets/images/Default-Men.png
126,TP Sudhindra,IPL,https://documents.iplt20.com/ipl/assets/images/Default-Men.png
127,MJ McClenaghan,IPL,https://documents.iplt20.com/ipl/assets/images/Default-Men.png
128,M Shahrukh Khan,IPL,https://documents.iplt20.com/ipl/assets/images/Default-Men.png
129,GC Viljoen,IPL,https://documents.iplt20.com/ipl/assets/images/Default-Men.png
130,M Rawat,MI,https://www.mumbaiindians.com/static-assets/images/players/large/66974.png?v=4.16&w=200
131,G Coetzee,IPL,https://documents.iplt20.com/ipl/assets/images/Default-Men.png
132,AJ Tye,IPL,https://documents.iplt20.com/ipl/assets/images/Default-Men.png
133,A Kumble,IPL,https://documents.iplt20.com/ipl/assets/images/Default-Men.png
134,SS Mundhe,IPL,https://documents.iplt20.com/ipl/assets/images/Default-Men.png
135,DM Bravo,IPL,https://documents.iplt20.com/ipl/assets/images/Default-Men.png
136,Abishek Porel,IPL,https://documents.iplt20.com/ipl/assets/images/Default-Men.png
137,P Negi,IPL,https://documents.iplt20.com/ipl/assets/images/Default-Men.png
138,Yuvraj Singh,IPL,https://documents.iplt20.com/ipl/assets/images/Default-Men.png
139,JR Hopes,IPL,https://documents.iplt20.com/ipl/assets/images/Default-Men.png
140,Shoaib Akhtar,IPL,https://documents.iplt20.com/ipl/assets/images/Default-Men.png
141,MS Bisla,IPL,https://documents.iplt20.com/ipl/assets/images/Default-Men.png
142,Karanveer Singh,IPL,https://documents.iplt20.com/ipl/assets/images/Default-Men.png
143,Shivam Singh,IPL,https://documents.iplt20.com/ipl/assets/images/Default-Men.png
144,SSB Magala,IPL,https://documents.iplt20.com/ipl/assets/images/Default-Men.png
145,DR Smith,IPL,https://documents.iplt20.com/ipl/assets/images/Default-Men.png
146,JH Kallis,IPL,https://documents.iplt20.com/ipl/assets/images/Default-Men.png
147,WPUJC Vaas,IPL,https://documents.iplt20.com/ipl/assets/images/Default-Men.png
148,DJ Willey,IPL,https://documents.iplt20.com/ipl/assets/images/Default-Men.png
149,W O'Rourke,IPL,https://documents.iplt20.com/ipl/assets/images/Default-Men.png
150,SP Fleming,IPL,https://documents.iplt20.com/ipl/assets/images/Default-Men.png
151,C Bosch,MI,https://www.mumbaiindians.com/static-assets/images/players/large/63605.png?v=4.16&w=200
152,PA Patel,IPL,https://documents.iplt20.com/ipl/assets/images/Default-Men.png
153,BA Bhatt,IPL,https://documents.iplt20.com/ipl/assets/images/Default-Men.png
154,NJ Rimmington,IPL,https://documents.iplt20.com/ipl/assets/images/Default-Men.png
155,RR Sarwan,IPL,https://documents.iplt20.com/ipl/assets/images/Default-Men.png
156,Washington Sundar,IPL,https://documents.iplt20.com/ipl/assets/images/Default-Men.png
157,DG Nalkande,IPL,https://documents.iplt20.com/ipl/assets/images/Default-Men.png
158,Simarjeet Singh,IPL,https://documents.iplt20.com/ipl/assets/images/Default-Men.png
159,RK Bhui,IPL,https://documents.iplt20.com/ipl/assets/images/Default-Men.png
160,Mohammad Nabi,IPL,https://documents.iplt20.com/ipl/assets/images/Default-Men.png
161,C Madan,IPL,https://documents.iplt20.com/ipl/assets/images/Default-Men.png
162,RE Levi,IPL,https://documents.iplt20.com/ipl/assets/images/Default-Men.png
163,RR Bhatkal,IPL,https://documents.iplt20.com/ipl/assets/images/Default-Men.png
164,Sediqullah Atal,IPL,https://documents.iplt20.com/ipl/assets/images/Default-Men.png
165,Shivam Mavi,SRH,https://documents.iplt20.com/ipl/IPLHeadshot2026/154.png
166,MJ Clarke,IPL,https://documents.iplt20.com/ipl/assets/images/Default-Men.png
167,AU Rashid,IPL,https://documents.iplt20.com/ipl/assets/images/Default-Men.png
168,JDS Neesham,IPL,https://documents.iplt20.com/ipl/assets/images/Default-Men.png
169,P Prasanth,IPL,https://documents.iplt20.com/ipl/assets/images/Default-Men.png
170,Sumit Kumar,IPL,https://documents.iplt20.com/ipl/assets/images/Default-Men.png
171,Lalit Yadav,IPL,https://documents.iplt20.com/ipl/assets/images/Default-Men.png
172,ML Hayden,IPL,https://documents.iplt20.com/ipl/assets/images/Default-Men.png
173,Liton Das,IPL,https://documents.iplt20.com/ipl/assets/images/Default-Men.png
174,DH Yagnik,IPL,https://documents.iplt20.com/ipl/assets/images/Default-Men.png
175,JJ Roy,IPL,https://documents.iplt20.com/ipl/assets/images/Default-Men.png
176,RS Sodhi,IPL,https://documents.iplt20.com/ipl/assets/images/Default-Men.png
177,DR Sams,IPL,https://documents.iplt20.com/ipl/assets/images/Default-Men.png
178,K Santokie,IPL,https://documents.iplt20.com/ipl/assets/images/Default-Men.png
179,SB Jakati,IPL,https://documents.iplt20.com/ipl/assets/images/Default-Men.png
180,B Geeves,IPL,https://documents.iplt20.com/ipl/assets/images/Default-Men.png
181,HR Shokeen,IPL,https://documents.iplt20.com/ipl/assets/images/Default-Men.png
182,MC Juneja,IPL,https://documents.iplt20.com/ipl/assets/images/Default-Men.png
183,SB Joshi,IPL,https://documents.iplt20.com/ipl/assets/images/Default-Men.png
184,LR Shukla,IPL,https://documents.iplt20.com/ipl/assets/images/Default-Men.png
185,SS Iyer,IPL,https://documents.iplt20.com/ipl/assets/images/Default-Men.png
186,T Stubbs,IPL,https://documents.iplt20.com/ipl/assets/images/Default-Men.png
187,MM Patel,IPL,https://documents.iplt20.com/ipl/assets/images/Default-Men.png
188,LH Ferguson,IPL,https://documents.iplt20.com/ipl/assets/images/Default-Men.png
189,NS Naik,IPL,https://documents.iplt20.com/ipl/assets/images/Default-Men.png
190,HE van der Dussen,IPL,https://documents.iplt20.com/ipl/assets/images/Default-Men.png
191,MA Wood,IPL,https://documents.iplt20.com/ipl/assets/images/Default-Men.png
192,AB Agarkar,IPL,https://documents.iplt20.com/ipl/assets/images/Default-Men.png
193,NLTC Perera,IPL,https://documents.iplt20.com/ipl/assets/images/Default-Men.png
194,GD McGrath,IPL,https://documents.iplt20.com/ipl/assets/images/Default-Men.png
195,UBT Chand,IPL,https://documents.iplt20.com/ipl/assets/images/Default-Men.png
196,H Das,IPL,https://documents.iplt20.com/ipl/assets/images/Default-Men.png
197,RN ten Doeschate,IPL,https://documents.iplt20.com/ipl/assets/images/Default-Men.png
198,GHS Garton,IPL,https://documents.iplt20.com/ipl/assets/images/Default-Men.png
199,Gulbadin Naib,IPL,https://documents.iplt20.com/ipl/assets/images/Default-Men.png
200,HF Gurney,IPL,https://documents.iplt20.com/ipl/assets/images/Default-Men.png
201,A Mithun,IPL,https://documents.iplt20.com/ipl/assets/images/Default-Men.png
202,Ishan Kishan,SRH,https://documents.iplt20.com/ipl/IPLHeadshot2026/164.png
203,Yash Thakur,IPL,https://documents.iplt20.com/ipl/assets/images/Default-Men.png
204,C Nanda,IPL,https://documents.iplt20.com/ipl/assets/images/Default-Men.png
205,KR Mayers,IPL,https://documents.iplt20.com/ipl/assets/images/Default-Men.png
206,RE van der Merwe,IPL,https://documents.iplt20.com/ipl/assets/images/Default-Men.png
207,Gurnoor Brar,IPL,https://documents.iplt20.com/ipl/assets/images/Default-Men.png
208,S Narwal,IPL,https://documents.iplt20.com/ipl/assets/images/Default-Men.png
209,CJ Anderson,IPL,https://documents.iplt20.com/ipl/assets/images/Default-Men.png
210,LA Pomersbach,IPL,https://documents.iplt20.com/ipl/assets/images/Default-Men.png
211,R Parag,IPL,https://documents.iplt20.com/ipl/assets/images/Default-Men.png
212,KH Pandya,RCB,https://documents.iplt20.com/ipl/IPLHeadshot2026/17.png
213,ER Dwivedi,IPL,https://documents.iplt20.com/ipl/assets/images/Default-Men.png
214,AM Rahane,KKR,https://documents.iplt20.com/ipl/IPLHeadshot2025/44.png
215,KS Williamson,IPL,https://documents.iplt20.com/ipl/assets/images/Default-Men.png
216,KB Arun Karthik,IPL,https://documents.iplt20.com/ipl/assets/images/Default-Men.png
217,MP Breetzke,IPL,https://documents.iplt20.com/ipl/assets/images/Default-Men.png
218,Rashid Khan,IPL,https://documents.iplt20.com/ipl/assets/images/Default-Men.png
219,RK Singh,KKR,https://documents.iplt20.com/ipl/IPLHeadshot2025/152.png
220,HM Amla,IPL,https://documents.iplt20.com/ipl/assets/images/Default-Men.png
221,Arshdeep Singh,IPL,https://documents.iplt20.com/ipl/assets/images/Default-Men.png
222,CH Morris,IPL,https://documents.iplt20.com/ipl/assets/images/Default-Men.png
223,DJ Muthuswami,IPL,https://documents.iplt20.com/ipl/assets/images/Default-Men.png
224,DJ Malan,IPL,https://documents.iplt20.com/ipl/assets/images/Default-Men.png
225,SP Narine,KKR,https://documents.iplt20.com/ipl/IPLHeadshot2025/156.png
226,AJ Turner,IPL,https://documents.iplt20.com/ipl/assets/images/Default-Men.png
227,MJ Lumb,IPL,https://documents.iplt20.com/ipl/assets/images/Default-Men.png
228,JC Archer,IPL,https://documents.iplt20.com/ipl/assets/images/Default-Men.png
229,WA Mota,IPL,https://documents.iplt20.com/ipl/assets/images/Default-Men.png
230,DT Patil,IPL,https://documents.iplt20.com/ipl/assets/images/Default-Men.png
231,C Sakariya,IPL,https://documents.iplt20.com/ipl/assets/images/Default-Men.png
232,Abdul Basith,IPL,https://documents.iplt20.com/ipl/assets/images/Default-Men.png
233,VR Iyer,RCB,https://documents.iplt20.com/ipl/IPLHeadshot2026/584.png
234,TR Birt,IPL,https://documents.iplt20.com/ipl/assets/images/Default-Men.png
235,Tilak Varma,MI,https://documents.iplt20.com/ipl/IPLHeadshot2025/993.png
236,DR Shorey,IPL,https://documents.iplt20.com/ipl/assets/images/Default-Men.png
237,AUK Pathan,IPL,https://documents.iplt20.com/ipl/assets/images/Default-Men.png
238,RR Powar,IPL,https://documents.iplt20.com/ipl/assets/images/Default-Men.png
239,VG Arora,KKR,https://documents.iplt20.com/ipl/IPLHeadshot2025/583.png
240,SD Lad,IPL,https://documents.iplt20.com/ipl/assets/images/Default-Men.png
241,PBB Rajapaksa,IPL,https://documents.iplt20.com/ipl/assets/images/Default-Men.png
242,BB McCullum,IPL,https://documents.iplt20.com/ipl/assets/images/Default-Men.png
243,Mohammad Asif,IPL,https://documents.iplt20.com/ipl/assets/images/Default-Men.png
244,Mohammad Hafeez,IPL,https://documents.iplt20.com/ipl/assets/images/Default-Men.png
245,A Nortje,IPL,https://documents.iplt20.com/ipl/assets/images/Default-Men.png
246,P Parameswaran,IPL,https://documents.iplt20.com/ipl/assets/images/Default-Men.png
247,AR Patel,IPL,https://documents.iplt20.com/ipl/assets/images/Default-Men.png
248,M Muralitharan,IPL,https://documents.iplt20.com/ipl/assets/images/Default-Men.png
249,VVS Laxman,IPL,https://documents.iplt20.com/ipl/assets/images/Default-Men.png
250,P Dubey,IPL,https://documents.iplt20.com/ipl/assets/images/Default-Men.png
251,M Manhas,IPL,https://documents.iplt20.com/ipl/assets/images/Default-Men.png
252,BR Sharath,IPL,https://documents.iplt20.com/ipl/assets/images/Default-Men.png
253,MG Bracewell,IPL,https://documents.iplt20.com/ipl/assets/images/Default-Men.png
254,S Aravind,IPL,https://documents.iplt20.com/ipl/assets/images/Default-Men.png
255,PR Shah,IPL,https://documents.iplt20.com/ipl/assets/images/Default-Men.png
256,NM Coulter-Nile,IPL,https://documents.iplt20.com/ipl/assets/images/Default-Men.png
257,C de Grandhomme,IPL,https://documents.iplt20.com/ipl/assets/images/Default-Men.png
258,KH Devdhar,IPL,https://documents.iplt20.com/ipl/assets/images/Default-Men.png
259,MP Yadav,IPL,https://documents.iplt20.com/ipl/assets/images/Default-Men.png
260,HV Patel,SRH,https://documents.iplt20.com/ipl/IPLHeadshot2026/114.png
261,DJ Harris,IPL,https://documents.iplt20.com/ipl/assets/images/Default-Men.png
262,LB Williams,IPL,https://documents.iplt20.com/ipl/assets/images/Default-Men.png
263,AJ Hosein,CSK,https://gallery.chennaisuperkings.com/PROD/TEAM/Team51playerImgNoBg_1773206570529.png
264,SO Hetmyer,IPL,https://documents.iplt20.com/ipl/assets/images/Default-Men.png
265,JE Root,IPL,https://documents.iplt20.com/ipl/assets/images/Default-Men.png
266,PP Shaw,IPL,https://documents.iplt20.com/ipl/assets/images/Default-Men.png
267,Mohsin Khan,IPL,https://documents.iplt20.com/ipl/assets/images/Default-Men.png
268,G Gambhir,IPL,https://documents.iplt20.com/ipl/assets/images/Default-Men.png
269,Naman Dhir,MI,https://documents.iplt20.com/ipl/IPLHeadshot2025/3107.png
270,Sanvir Singh,IPL,https://documents.iplt20.com/ipl/assets/images/Default-Men.png
271,IR Jaggi,IPL,https://documents.iplt20.com/ipl/assets/images/Default-Men.png
272,AC Voges,IPL,https://documents.iplt20.com/ipl/assets/images/Default-Men.png
273,ND Doshi,IPL,https://documents.iplt20.com/ipl/assets/images/Default-Men.png
274,N Saini,IPL,https://documents.iplt20.com/ipl/assets/images/Default-Men.png
275,K Khejroliya,IPL,https://documents.iplt20.com/ipl/assets/images/Default-Men.png
276,AS Rajpoot,IPL,https://documents.iplt20.com/ipl/assets/images/Default-Men.png
277,IS Sodhi,IPL,https://documents.iplt20.com/ipl/assets/images/Default-Men.png
278,Shivam Sharma,IPL,https://documents.iplt20.com/ipl/assets/images/Default-Men.png
279,DJ Hooda,IPL,https://documents.iplt20.com/ipl/assets/images/Default-Men.png
280,Ashutosh Sharma,IPL,https://documents.iplt20.com/ipl/assets/images/Default-Men.png
281,N Burger,IPL,https://documents.iplt20.com/ipl/assets/images/Default-Men.png
282,A Uniyal,IPL,https://documents.iplt20.com/ipl/assets/images/Default-Men.png
283,V Puthur,IPL,https://documents.iplt20.com/ipl/assets/images/Default-Men.png
284,A Mishra,IPL,https://documents.iplt20.com/ipl/assets/images/Default-Men.png
285,SD Chitnis,IPL,https://documents.iplt20.com/ipl/assets/images/Default-Men.png
286,SZ Mulani,IPL,https://documents.iplt20.com/ipl/assets/images/Default-Men.png
287,AA Jhunjhunwala,IPL,https://documents.iplt20.com/ipl/assets/images/Default-Men.png
288,DB Das,IPL,https://documents.iplt20.com/ipl/assets/images/Default-Men.png
289,KL Nagarkoti,IPL,https://documents.iplt20.com/ipl/assets/images/Default-Men.png
290,N Rana,IPL,https://documents.iplt20.com/ipl/assets/images/Default-Men.png
291,A Nel,IPL,https://documents.iplt20.com/ipl/assets/images/Default-Men.png
292,KC Sangakkara,IPL,https://documents.iplt20.com/ipl/assets/images/Default-Men.png
293,Vijaykumar Vyshak,IPL,https://documents.iplt20.com/ipl/assets/images/Default-Men.png
294,JE Taylor,IPL,https://documents.iplt20.com/ipl/assets/images/Default-Men.png
295,JM Sharma,RCB,https://documents.iplt20.com/ipl/IPLHeadshot2026/1000.png
296,Y Gnaneswara Rao,IPL,https://documents.iplt20.com/ipl/assets/images/Default-Men.png
297,RA Shaikh,IPL,https://documents.iplt20.com/ipl/assets/images/Default-Men.png
298,JR Philippe,IPL,https://documents.iplt20.com/ipl/assets/images/Default-Men.png
299,AS Raut,IPL,https://documents.iplt20.com/ipl/assets/images/Default-Men.png
300,DL Chahar,MI,https://documents.iplt20.com/ipl/IPLHeadshot2025/91.png
301,D du Preez,IPL,https://documents.iplt20.com/ipl/assets/images/Default-Men.png
302,B Sai Sudharsan,IPL,https://documents.iplt20.com/ipl/assets/images/Default-Men.png
303,PA Reddy,IPL,https://documents.iplt20.com/ipl/assets/images/Default-Men.png
304,R Minz,MI,https://documents.iplt20.com/ipl/IPLHeadshot2025/3103.png
305,VH Zol,IPL,https://documents.iplt20.com/ipl/assets/images/Default-Men.png
306,D Ferreira,IPL,https://documents.iplt20.com/ipl/assets/images/Default-Men.png
307,UT Yadav,IPL,https://documents.iplt20.com/ipl/assets/images/Default-Men.png
308,DJ Bravo,IPL,https://documents.iplt20.com/ipl/assets/images/Default-Men.png
309,Shakib Al Hasan,IPL,https://documents.iplt20.com/ipl/assets/images/Default-Men.png
310,Rahmanullah Gurbaz,IPL,https://documents.iplt20.com/ipl/assets/images/Default-Men.png
311,A Ashish Reddy,IPL,https://documents.iplt20.com/ipl/assets/images/Default-Men.png
312,B Chipli,IPL,https://documents.iplt20.com/ipl/assets/images/Default-Men.png
313,NA Saini,IPL,https://documents.iplt20.com/ipl/assets/images/Default-Men.png
314,Anmolpreet Singh,IPL,https://documents.iplt20.com/ipl/assets/images/Default-Men.png
315,SN Khan,CSK,https://gallery.chennaisuperkings.com/PROD/TEAM/Team58playerImgNoBg_1773379183176.png
316,JL Denly,IPL,https://documents.iplt20.com/ipl/assets/images/Default-Men.png
317,BJ Rohrer,IPL,https://documents.iplt20.com/ipl/assets/images/Default-Men.png
318,N Pooran,IPL,https://documents.iplt20.com/ipl/assets/images/Default-Men.png
319,SP Jackson,IPL,https://documents.iplt20.com/ipl/assets/images/Default-Men.png
320,Y Venugopal Rao,IPL,https://documents.iplt20.com/ipl/assets/images/Default-Men.png
321,KMA Paul,IPL,https://documents.iplt20.com/ipl/assets/images/Default-Men.png
322,RG More,IPL,https://documents.iplt20.com/ipl/assets/images/Default-Men.png
323,UT Khawaja,IPL,https://documents.iplt20.com/ipl/assets/images/Default-Men.png
324,B Indrajith,IPL,https://documents.iplt20.com/ipl/assets/images/Default-Men.png
325,YBK Jaiswal,IPL,https://documents.iplt20.com/ipl/assets/images/Default-Men.png
326,Mohammad Ashraful,IPL,https://documents.iplt20.com/ipl/assets/images/Default-Men.png
327,L Ronchi,IPL,https://documents.iplt20.com/ipl/assets/images/Default-Men.png
328,A Chopra,IPL,https://documents.iplt20.com/ipl/assets/images/Default-Men.png
329,AB Dinda,IPL,https://documents.iplt20.com/ipl/assets/images/Default-Men.png
330,Harsh Dubey,SRH,https://documents.iplt20.com/ipl/IPLHeadshot2026/1494.png
331,S Tyagi,KKR,https://documents.iplt20.com/ipl/assets/images/Default-Men.png
332,AS Joseph,IPL,https://documents.iplt20.com/ipl/assets/images/Default-Men.png
333,SC Kuggeleijn,IPL,https://documents.iplt20.com/ipl/assets/images/Default-Men.png
334,MP Stoinis,IPL,https://documents.iplt20.com/ipl/assets/images/Default-Men.png
335,M Morkel,IPL,https://documents.iplt20.com/ipl/assets/images/Default-Men.png
336,D Wiese,IPL,https://documents.iplt20.com/ipl/assets/images/Default-Men.png
337,VS Malik,IPL,https://documents.iplt20.com/ipl/assets/images/Default-Men.png
338,N Thushara,IPL,https://documents.iplt20.com/ipl/assets/images/Default-Men.png
339,AD Russell,IPL,https://documents.iplt20.com/ipl/assets/images/Default-Men.png
340,JD Ryder,IPL,https://documents.iplt20.com/ipl/assets/images/Default-Men.png
341,SPD Smith,IPL,https://documents.iplt20.com/ipl/assets/images/Default-Men.png
342,PK Garg,IPL,https://documents.iplt20.com/ipl/assets/images/Default-Men.png
343,Anirudh Singh,IPL,https://documents.iplt20.com/ipl/assets/images/Default-Men.png
344,Ramandeep Singh,KKR,https://documents.iplt20.com/ipl/IPLHeadshot2025/991.png
345,M Siddharth,IPL,https://documents.iplt20.com/ipl/assets/images/Default-Men.png
346,Himmat Singh,IPL,https://documents.iplt20.com/ipl/assets/images/Default-Men.png
347,Umran Malik,KKR,https://documents.iplt20.com/ipl/assets/images/Default-Men.png
348,CRD Fernando,IPL,https://documents.iplt20.com/ipl/assets/images/Default-Men.png
349,IC Porel,IPL,https://documents.iplt20.com/ipl/assets/images/Default-Men.png
350,PD Salt,RCB,https://documents.iplt20.com/ipl/IPLHeadshot2026/1220.png
351,MG Neser,IPL,https://documents.iplt20.com/ipl/assets/images/Default-Men.png
352,JM Kemp,IPL,https://documents.iplt20.com/ipl/assets/images/Default-Men.png
353,M Theekshana,IPL,https://documents.iplt20.com/ipl/assets/images/Default-Men.png
354,P Dogra,IPL,https://documents.iplt20.com/ipl/assets/images/Default-Men.png
355,R Ninan,IPL,https://documents.iplt20.com/ipl/assets/images/Default-Men.png
356,BKG Mendis,IPL,https://documents.iplt20.com/ipl/assets/images/Default-Men.png
357,AT Rayudu,IPL,https://documents.iplt20.com/ipl/assets/images/Default-Men.png
358,SK Trivedi,IPL,https://documents.iplt20.com/ipl/assets/images/Default-Men.png
359,SA Abbott,IPL,https://documents.iplt20.com/ipl/assets/images/Default-Men.png
360,CL White,IPL,https://documents.iplt20.com/ipl/assets/images/Default-Men.png
361,SMSM Senanayake,IPL,https://documents.iplt20.com/ipl/assets/images/Default-Men.png
362,TD Paine,IPL,https://documents.iplt20.com/ipl/assets/images/Default-Men.png
363,M Ntini,IPL,https://documents.iplt20.com/ipl/assets/images/Default-Men.png
364,L Ngidi,IPL,https://documents.iplt20.com/ipl/assets/images/Default-Men.png
365,A Mukund,IPL,https://documents.iplt20.com/ipl/assets/images/Default-Men.png
366,LJ Wright,IPL,https://documents.iplt20.com/ipl/assets/images/Default-Men.png
367,P Chopra,IPL,https://documents.iplt20.com/ipl/assets/images/Default-Men.png
368,A Symonds,IPL,https://documents.iplt20.com/ipl/assets/images/Default-Men.png
369,SP Goswami,IPL,https://documents.iplt20.com/ipl/assets/images/Default-Men.png
370,AD Mathews,IPL,https://documents.iplt20.com/ipl/assets/images/Default-Men.png
371,MD Shanaka,IPL,https://documents.iplt20.com/ipl/assets/images/Default-Men.png
372,JG Bethell,RCB,https://documents.iplt20.com/ipl/IPLHeadshot2026/869.png
373,ST Jayasuriya,IPL,https://documents.iplt20.com/ipl/assets/images/Default-Men.png
374,Aman Hakim Khan,IPL,https://documents.iplt20.com/ipl/assets/images/Default-Men.png
375,DAJ Bracewell,IPL,https://documents.iplt20.com/ipl/assets/images/Default-Men.png
376,A Choudhary,IPL,https://documents.iplt20.com/ipl/assets/images/Default-Men.png
377,RG Sharma,MI,https://documents.iplt20.com/ipl/IPLHeadshot2025/6.png
378,DJ Hussey,IPL,https://documents.iplt20.com/ipl/assets/images/Default-Men.png
379,R Sathish,IPL,https://documents.iplt20.com/ipl/assets/images/Default-Men.png
380,DS Rathi,IPL,https://documents.iplt20.com/ipl/assets/images/Default-Men.png
381,M Tiwari,IPL,https://documents.iplt20.com/ipl/assets/images/Default-Men.png
382,YK Pathan,IPL,https://documents.iplt20.com/ipl/assets/images/Default-Men.png
383,PWA Mulder,IPL,https://documents.iplt20.com/ipl/assets/images/Default-Men.png
384,TL Suman,IPL,https://documents.iplt20.com/ipl/assets/images/Default-Men.png
385,KAJ Roach,IPL,https://documents.iplt20.com/ipl/assets/images/Default-Men.png
386,JL Pattinson,IPL,https://documents.iplt20.com/ipl/assets/images/Default-Men.png
387,Mohammed Shami,IPL,https://documents.iplt20.com/ipl/assets/images/Default-Men.png
388,AA Chavan,IPL,https://documents.iplt20.com/ipl/assets/images/Default-Men.png
389,A Singh,IPL,https://documents.iplt20.com/ipl/assets/images/Default-Men.png
390,S Badrinath,IPL,https://documents.iplt20.com/ipl/assets/images/Default-Men.png
391,Harshit Rana,IPL,https://documents.iplt20.com/ipl/assets/images/Default-Men.png
392,Azmatullah Omarzai,IPL,https://documents.iplt20.com/ipl/assets/images/Default-Men.png
393,AD Mascarenhas,IPL,https://documents.iplt20.com/ipl/assets/images/Default-Men.png
394,Urvil Patel,CSK,https://gallery.chennaisuperkings.com/PROD/TEAM/Team49playerImgNoBg_1773208996000.png
395,P Ray Barman,IPL,https://documents.iplt20.com/ipl/assets/images/Default-Men.png
396,WD Parnell,IPL,https://documents.iplt20.com/ipl/assets/images/Default-Men.png
397,A Chandila,IPL,https://documents.iplt20.com/ipl/assets/images/Default-Men.png
398,JJ Bumrah,MI,https://documents.iplt20.com/ipl/IPLHeadshot2025/9.png
399,HC Brook,IPL,https://documents.iplt20.com/ipl/assets/images/Default-Men.png
400,SN Thakur,MI,https://www.mumbaiindians.com/static-assets/images/players/large/63345.png?v=4.16&w=200
401,SH Johnson,CSK,https://www.gujarattitansipl.com/static-assets/images/players/67778.png?v=6.27
402,RW Price,IPL,https://documents.iplt20.com/ipl/assets/images/Default-Men.png
403,T Kohli,IPL,https://documents.iplt20.com/ipl/assets/images/Default-Men.png
404,M Ashwin,IPL,https://documents.iplt20.com/ipl/assets/images/Default-Men.png
405,SK Raina,IPL,https://documents.iplt20.com/ipl/assets/images/Default-Men.png
406,Nithish Kumar Reddy,SRH,https://documents.iplt20.com/ipl/IPLHeadshot2026/1944.png
407,SS Tiwary,IPL,https://documents.iplt20.com/ipl/assets/images/Default-Men.png
408,AL Menaria,IPL,https://documents.iplt20.com/ipl/assets/images/Default-Men.png
409,AD Hales,IPL,https://documents.iplt20.com/ipl/assets/images/Default-Men.png
410,PH Solanki,KKR,https://documents.iplt20.com/ipl/assets/images/Default-Men.png
411,KA Jamieson,IPL,https://documents.iplt20.com/ipl/assets/images/Default-Men.png
412,Mohammed Siraj,IPL,https://documents.iplt20.com/ipl/assets/images/Default-Men.png
413,K Kartikeya,IPL,https://documents.iplt20.com/ipl/assets/images/Default-Men.png
414,DJM Short,IPL,https://documents.iplt20.com/ipl/assets/images/Default-Men.png
415,P Sahu,IPL,https://documents.iplt20.com/ipl/assets/images/Default-Men.png
416,Shahid Afridi,IPL,https://documents.iplt20.com/ipl/assets/images/Default-Men.png
417,S Sandeep Warrier,IPL,https://documents.iplt20.com/ipl/assets/images/Default-Men.png
418,S Gopal,CSK,https://documents.iplt20.com/ipl/IPLHeadshot2025/192.png
419,R Dravid,IPL,https://documents.iplt20.com/ipl/assets/images/Default-Men.png
420,K Yadav,IPL,https://documents.iplt20.com/ipl/assets/images/Default-Men.png
421,D Jansen,IPL,https://documents.iplt20.com/ipl/assets/images/Default-Men.png
422,Anand Rajan,IPL,https://documents.iplt20.com/ipl/assets/images/Default-Men.png
423,M de Lange,IPL,https://documents.iplt20.com/ipl/assets/images/Default-Men.png
424,HH Pandya,MI,https://documents.iplt20.com/ipl/IPLHeadshot2025/54.png
425,FY Fazal,IPL,https://documents.iplt20.com/ipl/assets/images/Default-Men.png
426,P Awana,IPL,https://documents.iplt20.com/ipl/assets/images/Default-Men.png
427,MW Short,CSK,https://gallery.chennaisuperkings.com/PROD/TEAM/Team54playerImgNoBg_1773206785917.png
428,RS Hangargekar,IPL,https://documents.iplt20.com/ipl/assets/images/Default-Men.png
429,PC Valthaty,IPL,https://documents.iplt20.com/ipl/assets/images/Default-Men.png
430,P Suyal,IPL,https://documents.iplt20.com/ipl/assets/images/Default-Men.png
431,TU Deshpande,IPL,https://documents.iplt20.com/ipl/assets/images/Default-Men.png
432,D Padikkal,RCB,https://documents.iplt20.com/ipl/IPLHeadshot2026/200.png
433,SE Bond,IPL,https://documents.iplt20.com/ipl/assets/images/Default-Men.png
434,VS Yeligati,IPL,https://documents.iplt20.com/ipl/assets/images/Default-Men.png
435,SC Ganguly,IPL,https://documents.iplt20.com/ipl/assets/images/Default-Men.png
436,MS Bhandage,IPL,https://documents.iplt20.com/ipl/assets/images/Default-Men.png
437,Sameer Rizvi,IPL,https://documents.iplt20.com/ipl/assets/images/Default-Men.png
438,A Dananjaya,IPL,https://documents.iplt20.com/ipl/assets/images/Default-Men.png
439,LI Meriwala,IPL,https://documents.iplt20.com/ipl/assets/images/Default-Men.png
440,TK Curran,IPL,https://documents.iplt20.com/ipl/assets/images/Default-Men.png
441,R Bhatia,IPL,https://documents.iplt20.com/ipl/assets/images/Default-Men.png
442,SK Warne,IPL,https://documents.iplt20.com/ipl/assets/images/Default-Men.png
443,Mohit Rathee,IPL,https://documents.iplt20.com/ipl/assets/images/Default-Men.png
444,F du Plessis,IPL,https://documents.iplt20.com/ipl/assets/images/Default-Men.png
445,Swapnil Singh,RCB,https://documents.iplt20.com/ipl/IPLHeadshot2026/1483.png
446,I Sharma,IPL,https://documents.iplt20.com/ipl/assets/images/Default-Men.png
447,EJG Morgan,IPL,https://documents.iplt20.com/ipl/assets/images/Default-Men.png
448,DPMD Jayawardene,IPL,https://documents.iplt20.com/ipl/assets/images/Default-Men.png
449,JEC Franklin,IPL,https://documents.iplt20.com/ipl/assets/images/Default-Men.png
450,CA Lynn,IPL,https://documents.iplt20.com/ipl/assets/images/Default-Men.png
451,KW Richardson,IPL,https://documents.iplt20.com/ipl/assets/images/Default-Men.png
452,LS Livingstone,SRH,https://documents.iplt20.com/ipl/IPLHeadshot2026/183.png
453,LMP Simmons,IPL,https://documents.iplt20.com/ipl/assets/images/Default-Men.png
454,J Arunkumar,IPL,https://documents.iplt20.com/ipl/assets/images/Default-Men.png
455,R McLaren,IPL,https://documents.iplt20.com/ipl/assets/images/Default-Men.png
456,MD Mishra,IPL,https://documents.iplt20.com/ipl/assets/images/Default-Men.png
457,Kamran Akmal,IPL,https://documents.iplt20.com/ipl/assets/images/Default-Men.png
458,Arjun Tendulkar,IPL,https://documents.iplt20.com/ipl/assets/images/Default-Men.png
459,DJ Mitchell,IPL,https://documents.iplt20.com/ipl/assets/images/Default-Men.png
460,Jalaj S Saxena,IPL,https://documents.iplt20.com/ipl/assets/images/Default-Men.png
461,C Munro,IPL,https://documents.iplt20.com/ipl/assets/images/Default-Men.png
462,Harpreet Singh,IPL,https://documents.iplt20.com/ipl/assets/images/Default-Men.png
463,RS Gavaskar,IPL,https://documents.iplt20.com/ipl/assets/images/Default-Men.png
464,A Mhatre,CSK,https://documents.iplt20.com/ipl/IPLHeadshot2025/3497.png
465,R Bishnoi,IPL,https://documents.iplt20.com/ipl/assets/images/Default-Men.png
466,RM Patidar,RCB,https://documents.iplt20.com/ipl/IPLHeadshot2026/597.png
467,D Pretorius,IPL,https://documents.iplt20.com/ipl/assets/images/Default-Men.png
468,VY Mahesh,IPL,https://documents.iplt20.com/ipl/assets/images/Default-Men.png
469,JDP Oram,IPL,https://documents.iplt20.com/ipl/assets/images/Default-Men.png
470,Shashank Singh,IPL,https://documents.iplt20.com/ipl/assets/images/Default-Men.png
471,PM Sarvesh Kumar,IPL,https://documents.iplt20.com/ipl/assets/images/Default-Men.png
472,NT Ellis,IPL,https://documents.iplt20.com/ipl/assets/images/Default-Men.png
473,C Ganapathy,IPL,https://documents.iplt20.com/ipl/assets/images/Default-Men.png
474,RR Raje,IPL,https://documents.iplt20.com/ipl/assets/images/Default-Men.png
475,I Malhotra,IPL,https://documents.iplt20.com/ipl/assets/images/Default-Men.png
476,JP Faulkner,IPL,https://documents.iplt20.com/ipl/assets/images/Default-Men.png
477,AB de Villiers,IPL,https://documents.iplt20.com/ipl/assets/images/Default-Men.png
478,CV Varun,KKR,https://documents.iplt20.com/ipl/IPLHeadshot2025/140.png
479,DA Warner,IPL,https://documents.iplt20.com/ipl/assets/images/Default-Men.png
480,S Dube,CSK,https://documents.iplt20.com/ipl/IPLHeadshot2025/211.png
481,Navdeep Saini,KKR,https://documents.iplt20.com/ipl/assets/images/Default-Men.png
482,KA Pollard,IPL,https://documents.iplt20.com/ipl/assets/images/Default-Men.png
483,CK Kapugedera,IPL,https://documents.iplt20.com/ipl/assets/images/Default-Men.png
484,NJ Maddinson,IPL,https://documents.iplt20.com/ipl/assets/images/Default-Men.png
485,MJ Owen,IPL,https://documents.iplt20.com/ipl/assets/images/Default-Men.png
486,CA Pujara,IPL,https://documents.iplt20.com/ipl/assets/images/Default-Men.png
487,Mayank Dagar,IPL,https://documents.iplt20.com/ipl/assets/images/Default-Men.png
488,S Ladda,IPL,https://documents.iplt20.com/ipl/assets/images/Default-Men.png
489,SE Marsh,IPL,https://documents.iplt20.com/ipl/assets/images/Default-Men.png
490,KC Cariappa,IPL,https://documents.iplt20.com/ipl/assets/images/Default-Men.png
491,S Badree,IPL,https://documents.iplt20.com/ipl/assets/images/Default-Men.png
492,E Lewis,IPL,https://documents.iplt20.com/ipl/assets/images/Default-Men.png
493,R Rampaul,IPL,https://documents.iplt20.com/ipl/assets/images/Default-Men.png
494,CJ Ferguson,IPL,https://documents.iplt20.com/ipl/assets/images/Default-Men.png
495,N Jagadeesan,IPL,https://documents.iplt20.com/ipl/assets/images/Default-Men.png
496,RR Pant,IPL,https://documents.iplt20.com/ipl/assets/images/Default-Men.png
497,Arshad Khan,IPL,https://documents.iplt20.com/ipl/assets/images/Default-Men.png
498,KM Jadhav,IPL,https://documents.iplt20.com/ipl/assets/images/Default-Men.png
499,A Tomar,IPL,https://documents.iplt20.com/ipl/assets/images/Default-Men.png
500,Azhar Mahmood,IPL,https://documents.iplt20.com/ipl/assets/images/Default-Men.png
501,DS Lehmann,IPL,https://documents.iplt20.com/ipl/assets/images/Default-Men.png
502,W Jaffer,IPL,https://documents.iplt20.com/ipl/assets/images/Default-Men.png
503,Arshad Khan (2),IPL,https://documents.iplt20.com/ipl/assets/images/Default-Men.png
504,Virat Singh,IPL,https://documents.iplt20.com/ipl/assets/images/Default-Men.png
505,JM Bairstow,IPL,https://documents.iplt20.com/ipl/assets/images/Default-Men.png
506,TM Head,SRH,https://documents.iplt20.com/ipl/IPLHeadshot2025/37.png
507,A Kamboj,CSK,https://documents.iplt20.com/ipl/IPLHeadshot2025/3106.png
508,SM Pollock,IPL,https://documents.iplt20.com/ipl/assets/images/Default-Men.png
509,Mandeep Singh,IPL,https://documents.iplt20.com/ipl/assets/images/Default-Men.png
510,DA Miller,IPL,https://documents.iplt20.com/ipl/assets/images/Default-Men.png
511,Ravi Bishnoi,IPL,https://documents.iplt20.com/ipl/assets/images/Default-Men.png
512,S Joseph,IPL,https://documents.iplt20.com/ipl/assets/images/Default-Men.png
513,DJG Sammy,IPL,https://documents.iplt20.com/ipl/assets/images/Default-Men.png
514,DW Steyn,IPL,https://documents.iplt20.com/ipl/assets/images/Default-Men.png
515,GJ Maxwell,IPL,https://documents.iplt20.com/ipl/assets/images/Default-Men.png
516,AF Milne,IPL,https://documents.iplt20.com/ipl/assets/images/Default-Men.png
517,B Akhil,IPL,https://documents.iplt20.com/ipl/assets/images/Default-Men.png
518,AN Ahmed,IPL,https://documents.iplt20.com/ipl/assets/images/Default-Men.png
519,SR Watson,IPL,https://documents.iplt20.com/ipl/assets/images/Default-Men.png
520,TM Srivastava,IPL,https://documents.iplt20.com/ipl/assets/images/Default-Men.png
521,MS Gony,IPL,https://documents.iplt20.com/ipl/assets/images/Default-Men.png
522,Basil Thampi,IPL,https://documents.iplt20.com/ipl/assets/images/Default-Men.png
523,MA Khote,IPL,https://documents.iplt20.com/ipl/assets/images/Default-Men.png
524,YV Takawale,IPL,https://documents.iplt20.com/ipl/assets/images/Default-Men.png
525,MN van Wyk,IPL,https://documents.iplt20.com/ipl/assets/images/Default-Men.png
526,SD Hope,IPL,https://documents.iplt20.com/ipl/assets/images/Default-Men.png
527,JW Hastings,IPL,https://documents.iplt20.com/ipl/assets/images/Default-Men.png
528,GR Napier,IPL,https://documents.iplt20.com/ipl/assets/images/Default-Men.png
529,Umar Gul,IPL,https://documents.iplt20.com/ipl/assets/images/Default-Men.png
530,Salman Butt,IPL,https://documents.iplt20.com/ipl/assets/images/Default-Men.png
531,J Little,IPL,https://documents.iplt20.com/ipl/assets/images/Default-Men.png
532,Jaskaran Singh,IPL,https://documents.iplt20.com/ipl/assets/images/Default-Men.png
533,Abdul Samad,IPL,https://documents.iplt20.com/ipl/assets/images/Default-Men.png
534,J Yadav,IPL,https://documents.iplt20.com/ipl/assets/images/Default-Men.png
535,STR Binny,IPL,https://documents.iplt20.com/ipl/assets/images/Default-Men.png
536,AA Kulkarni,IPL,https://documents.iplt20.com/ipl/assets/images/Default-Men.png
537,GH Vihari,IPL,https://documents.iplt20.com/ipl/assets/images/Default-Men.png
538,PVSN Raju,IPL,https://documents.iplt20.com/ipl/assets/images/Default-Men.png
539,MM Ali,IPL,https://documents.iplt20.com/ipl/assets/images/Default-Men.png
540,KMDN Kulasekara,IPL,https://documents.iplt20.com/ipl/assets/images/Default-Men.png
541,GD Phillips,IPL,https://documents.iplt20.com/ipl/assets/images/Default-Men.png
542,SS Shaikh,IPL,https://documents.iplt20.com/ipl/assets/images/Default-Men.png
543,KD Karthik,IPL,https://documents.iplt20.com/ipl/assets/images/Default-Men.png
544,Iqbal Abdulla,IPL,https://documents.iplt20.com/ipl/assets/images/Default-Men.png
545,J Theron,IPL,https://documents.iplt20.com/ipl/assets/images/Default-Men.png
546,MK Pandey,KKR,https://documents.iplt20.com/ipl/IPLHeadshot2025/16.png
547,YV Dhull,IPL,https://documents.iplt20.com/ipl/assets/images/Default-Men.png
548,Sunny Gupta,IPL,https://documents.iplt20.com/ipl/assets/images/Default-Men.png
549,IC Pandey,IPL,https://documents.iplt20.com/ipl/assets/images/Default-Men.png
550,NL McCullum,IPL,https://documents.iplt20.com/ipl/assets/images/Default-Men.png
551,L Balaji,IPL,https://documents.iplt20.com/ipl/assets/images/Default-Men.png
552,KL Rahul,IPL,https://documents.iplt20.com/ipl/assets/images/Default-Men.png
553,SJ Srivastava,IPL,https://documents.iplt20.com/ipl/assets/images/Default-Men.png
554,Yashpal Singh,IPL,https://documents.iplt20.com/ipl/assets/images/Default-Men.png
555,C Green,KKR,https://documents.iplt20.com/ipl/assets/images/Default-Men.png
556,RJ Harris,IPL,https://documents.iplt20.com/ipl/assets/images/Default-Men.png
557,RV Gomez,IPL,https://documents.iplt20.com/ipl/assets/images/Default-Men.png
558,Rasikh Salam,RCB,https://documents.iplt20.com/ipl/IPLHeadshot2026/172.png
559,Sohail Tanvir,IPL,https://documents.iplt20.com/ipl/assets/images/Default-Men.png
560,J Syed Mohammad,IPL,https://documents.iplt20.com/ipl/assets/images/Default-Men.png
561,AA Noffke,IPL,https://documents.iplt20.com/ipl/assets/images/Default-Men.png
562,DT Christian,IPL,https://documents.iplt20.com/ipl/assets/images/Default-Men.png
563,GC Smith,IPL,https://documents.iplt20.com/ipl/assets/images/Default-Men.png
564,NB Singh,IPL,https://documents.iplt20.com/ipl/assets/images/Default-Men.png
565,MS Dhoni,CSK,https://documents.iplt20.com/ipl/IPLHeadshot2025/57.png
566,DB Ravi Teja,IPL,https://documents.iplt20.com/ipl/assets/images/Default-Men.png
567,AG Paunikar,IPL,https://documents.iplt20.com/ipl/assets/images/Default-Men.png
568,Q de Kock,MI,https://www.mumbaiindians.com/static-assets/images/players/large/28035.png?v=4.16&w=200
569,RA Jadeja,IPL,https://documents.iplt20.com/ipl/assets/images/Default-Men.png
570,Gagandeep Singh,IPL,https://documents.iplt20.com/ipl/assets/images/Default-Men.png
571,BB Sran,IPL,https://documents.iplt20.com/ipl/assets/images/Default-Men.png
572,D Kalyankrishna,IPL,https://documents.iplt20.com/ipl/assets/images/Default-Men.png
573,PHKD Mendis,IPL,https://documents.iplt20.com/ipl/assets/images/Default-Men.png
574,Kartik Tyagi,IPL,https://documents.iplt20.com/ipl/assets/images/Default-Men.png
575,OF Smith,IPL,https://documents.iplt20.com/ipl/assets/images/Default-Men.png
576,SR Tendulkar,IPL,https://documents.iplt20.com/ipl/assets/images/Default-Men.png
577,S Lamichhane,IPL,https://documents.iplt20.com/ipl/assets/images/Default-Men.png
578,SL Malinga,IPL,https://documents.iplt20.com/ipl/assets/images/Default-Men.png
579,CM Gautam,IPL,https://documents.iplt20.com/ipl/assets/images/Default-Men.png
580,Tejas Baroka,IPL,https://documents.iplt20.com/ipl/assets/images/Default-Men.png
581,BCJ Cutting,IPL,https://documents.iplt20.com/ipl/assets/images/Default-Men.png
582,BJ Haddin,IPL,https://documents.iplt20.com/ipl/assets/images/Default-Men.png
583,Mashrafe Mortaza,IPL,https://documents.iplt20.com/ipl/assets/images/Default-Men.png
584,LPC Silva,IPL,https://documents.iplt20.com/ipl/assets/images/Default-Men.png
585,SV Samson,CSK,https://gallery.chennaisuperkings.com/PROD/TEAM/Team50playerImgNoBg_1773207257969.png
586,D Salunkhe,IPL,https://documents.iplt20.com/ipl/assets/images/Default-Men.png
587,B Sumanth,IPL,https://documents.iplt20.com/ipl/assets/images/Default-Men.png
588,OA Shah,IPL,https://documents.iplt20.com/ipl/assets/images/Default-Men.png
589,AA Bilakhia,IPL,https://documents.iplt20.com/ipl/assets/images/Default-Men.png
590,MA Starc,IPL,https://documents.iplt20.com/ipl/assets/images/Default-Men.png
591,JPR Scantlebury-Searles,IPL,https://documents.iplt20.com/ipl/assets/images/Default-Men.png
592,JP Behrendorff,IPL,https://documents.iplt20.com/ipl/assets/images/Default-Men.png
593,S Kaul,IPL,https://documents.iplt20.com/ipl/assets/images/Default-Men.png
594,Anureet Singh,IPL,https://documents.iplt20.com/ipl/assets/images/Default-Men.png
595,Vivrant Sharma,IPL,https://documents.iplt20.com/ipl/assets/images/Default-Men.png
596,Dhruv Jurel,IPL,https://documents.iplt20.com/ipl/assets/images/Default-Men.png
597,AC Blizzard,IPL,https://documents.iplt20.com/ipl/assets/images/Default-Men.png
598,R Ashwin,IPL,https://documents.iplt20.com/ipl/assets/images/Default-Men.png
599,MDKJ Perera,IPL,https://documents.iplt20.com/ipl/assets/images/Default-Men.png
600,Harpreet Brar,IPL,https://documents.iplt20.com/ipl/assets/images/Default-Men.png
601,T Shamsi,IPL,https://documents.iplt20.com/ipl/assets/images/Default-Men.png
602,KK Nair,IPL,https://documents.iplt20.com/ipl/assets/images/Default-Men.png
603,D Brevis,CSK,https://documents.iplt20.com/ipl/IPLHeadshot2025/797.png
604,BA Stokes,IPL,https://documents.iplt20.com/ipl/assets/images/Default-Men.png
605,BE Hendricks,IPL,https://documents.iplt20.com/ipl/assets/images/Default-Men.png
606,CK Langeveldt,IPL,https://documents.iplt20.com/ipl/assets/images/Default-Men.png
607,N Wadhera,IPL,https://documents.iplt20.com/ipl/assets/images/Default-Men.png
608,MA Agarwal,IPL,https://documents.iplt20.com/ipl/assets/images/Default-Men.png
609,Yudhvir Singh,IPL,https://documents.iplt20.com/ipl/assets/images/Default-Men.png
610,Younis Khan,IPL,https://documents.iplt20.com/ipl/assets/images/Default-Men.png
611,DR Martyn,IPL,https://documents.iplt20.com/ipl/assets/images/Default-Men.png
612,BR Dunk,IPL,https://documents.iplt20.com/ipl/assets/images/Default-Men.png
613,L Wood,IPL,https://documents.iplt20.com/ipl/assets/images/Default-Men.png
614,Gurkeerat Singh,IPL,https://documents.iplt20.com/ipl/assets/images/Default-Men.png
615,AP Majumdar,IPL,https://documents.iplt20.com/ipl/assets/images/Default-Men.png
616,SA Asnodkar,IPL,https://documents.iplt20.com/ipl/assets/images/Default-Men.png
617,Abdur Razzak,IPL,https://documents.iplt20.com/ipl/assets/images/Default-Men.png
618,Noor Ahmad,CSK,https://documents.iplt20.com/ipl/IPLHeadshot2025/975.png
619,SS Prabhudessai,IPL,https://documents.iplt20.com/ipl/assets/images/Default-Men.png
620,J Overton,CSK,https://gallery.chennaisuperkings.com/PROD/TEAM/Team25playerImgNoBg_1773208844367.png
621,Misbah-ul-Haq,IPL,https://documents.iplt20.com/ipl/assets/images/Default-Men.png
622,SB Dubey,KKR,https://documents.iplt20.com/ipl/assets/images/Default-Men.png
623,TL Seifert,KKR,https://documents.iplt20.com/ipl/assets/images/Default-Men.png
624,CH Gayle,IPL,https://documents.iplt20.com/ipl/assets/images/Default-Men.png
625,AT Carey,IPL,https://documents.iplt20.com/ipl/assets/images/Default-Men.png
626,E Malinga,SRH,https://documents.iplt20.com/ipl/IPLHeadshot2025/3339.png
627,AC Gilchrist,IPL,https://documents.iplt20.com/ipl/assets/images/Default-Men.png
628,UA Birla,IPL,https://documents.iplt20.com/ipl/assets/images/Default-Men.png
629,V Pratap Singh,IPL,https://documents.iplt20.com/ipl/assets/images/Default-Men.png
630,SM Katich,IPL,https://documents.iplt20.com/ipl/assets/images/Default-Men.png
631,Fazalhaq Farooqi,IPL,https://documents.iplt20.com/ipl/assets/images/Default-Men.png
632,Mustafizur Rahman,IPL,https://documents.iplt20.com/ipl/assets/images/Default-Men.png
633,AJ Finch,IPL,https://documents.iplt20.com/ipl/assets/images/Default-Men.png
634,MEK Hussey,IPL,https://documents.iplt20.com/ipl/assets/images/Default-Men.png
635,BW Hilfenhaus,IPL,https://documents.iplt20.com/ipl/assets/images/Default-Men.png
636,Yash Dayal,RCB,https://documents.iplt20.com/ipl/IPLHeadshot2025/978.png
637,S Sriram,IPL,https://documents.iplt20.com/ipl/assets/images/Default-Men.png
638,AB McDonald,IPL,https://documents.iplt20.com/ipl/assets/images/Default-Men.png
639,T Banton,IPL,https://documents.iplt20.com/ipl/assets/images/Default-Men.png
640,MV Boucher,IPL,https://documents.iplt20.com/ipl/assets/images/Default-Men.png
641,Akash Madhwal,IPL,https://documents.iplt20.com/ipl/assets/images/Default-Men.png
642,KA Maharaj,IPL,https://documents.iplt20.com/ipl/assets/images/Default-Men.png
643,M Vijay,IPL,https://documents.iplt20.com/ipl/assets/images/Default-Men.png
644,KR Sen,IPL,https://documents.iplt20.com/ipl/assets/images/Default-Men.png
645,MJ Henry,CSK,https://gallery.chennaisuperkings.com/PROD/TEAM/Team55playerImgNoBg_1773206880148.png
646,SM Boland,IPL,https://documents.iplt20.com/ipl/assets/images/Default-Men.png
647,SE Rutherford,MI,https://www.mumbaiindians.com/static-assets/images/players/large/67285.png?v=4.16&w=200
648,Akash Singh,IPL,https://documents.iplt20.com/ipl/assets/images/Default-Men.png
649,R Vinay Kumar,IPL,https://documents.iplt20.com/ipl/assets/images/Default-Men.png
650,A Flintoff,IPL,https://documents.iplt20.com/ipl/assets/images/Default-Men.png
651,SM Harwood,IPL,https://documents.iplt20.com/ipl/assets/images/Default-Men.png
652,MF Maharoof,IPL,https://documents.iplt20.com/ipl/assets/images/Default-Men.png
653,J Suchith,IPL,https://documents.iplt20.com/ipl/assets/images/Default-Men.png
654,Saurav Chauhan,IPL,https://documents.iplt20.com/ipl/assets/images/Default-Men.png
655,BMAJ Mendis,IPL,https://documents.iplt20.com/ipl/assets/images/Default-Men.png
656,HH Gibbs,IPL,https://documents.iplt20.com/ipl/assets/images/Default-Men.png
657,KS Sharma,IPL,https://documents.iplt20.com/ipl/assets/images/Default-Men.png
658,IK Pathan,IPL,https://documents.iplt20.com/ipl/assets/images/Default-Men.png
659,P Kumar,IPL,https://documents.iplt20.com/ipl/assets/images/Default-Men.png
660,GB Hogg,IPL,https://documents.iplt20.com/ipl/assets/images/Default-Men.png
661,V Shankar,IPL,https://documents.iplt20.com/ipl/assets/images/Default-Men.png
662,S Sohal,IPL,https://documents.iplt20.com/ipl/assets/images/Default-Men.png
663,DJ Thornely,IPL,https://documents.iplt20.com/ipl/assets/images/Default-Men.png
664,PV Tambe,IPL,https://documents.iplt20.com/ipl/assets/images/Default-Men.png
665,S Rana,IPL,https://documents.iplt20.com/ipl/assets/images/Default-Men.png
666,S Kaushik,IPL,https://documents.iplt20.com/ipl/assets/images/Default-Men.png
667,RR Bose,IPL,https://documents.iplt20.com/ipl/assets/images/Default-Men.png
668,Bipul Sharma,IPL,https://documents.iplt20.com/ipl/assets/images/Default-Men.png
669,LE Plunkett,IPL,https://documents.iplt20.com/ipl/assets/images/Default-Men.png
670,KK Cooper,IPL,https://documents.iplt20.com/ipl/assets/images/Default-Men.png
671,JJ van der Wath,IPL,https://documents.iplt20.com/ipl/assets/images/Default-Men.png
672,P Amarnath,IPL,https://documents.iplt20.com/ipl/assets/images/Default-Men.png
673,K Rabada,IPL,https://documents.iplt20.com/ipl/assets/images/Default-Men.png
674,V Suryavanshi,IPL,https://documents.iplt20.com/ipl/assets/images/Default-Men.png
675,M Kaif,IPL,https://documents.iplt20.com/ipl/assets/images/Default-Men.png
676,JR Hazlewood,RCB,https://documents.iplt20.com/ipl/IPLHeadshot2025/36.png
677,SB Bangar,IPL,https://documents.iplt20.com/ipl/assets/images/Default-Men.png
678,Mukesh Kumar,IPL,https://documents.iplt20.com/ipl/assets/images/Default-Men.png
679,MJ Santner,MI,https://documents.iplt20.com/ipl/IPLHeadshot2025/75.png
680,SB Styris,IPL,https://documents.iplt20.com/ipl/assets/images/Default-Men.png
681,Shahbaz Ahmed,IPL,https://documents.iplt20.com/ipl/assets/images/Default-Men.png
682,A Raghuvanshi,KKR,https://documents.iplt20.com/ipl/IPLHeadshot2025/787.png
683,B Laughlin,IPL,https://documents.iplt20.com/ipl/assets/images/Default-Men.png
684,Shoaib Ahmed,IPL,https://documents.iplt20.com/ipl/assets/images/Default-Men.png
685,PSP Handscomb,IPL,https://documents.iplt20.com/ipl/assets/images/Default-Men.png
686,NV Ojha,IPL,https://documents.iplt20.com/ipl/assets/images/Default-Men.png
687,RV Patel,IPL,https://documents.iplt20.com/ipl/assets/images/Default-Men.png
688,F Behardien,IPL,https://documents.iplt20.com/ipl/assets/images/Default-Men.png
689,T Mishra,IPL,https://documents.iplt20.com/ipl/assets/images/Default-Men.png
690,Mujeeb Ur Rahman,IPL,https://documents.iplt20.com/ipl/assets/images/Default-Men.png
691,RJ Peterson,IPL,https://documents.iplt20.com/ipl/assets/images/Default-Men.png
692,Z Khan,IPL,https://documents.iplt20.com/ipl/assets/images/Default-Men.png
693,JA Morkel,IPL,https://documents.iplt20.com/ipl/assets/images/Default-Men.png
694,SA Yadav,MI,https://documents.iplt20.com/ipl/IPLHeadshot2025/174.png
695,Imran Tahir,IPL,https://documents.iplt20.com/ipl/assets/images/Default-Men.png
696,H Klaasen,SRH,https://documents.iplt20.com/ipl/IPLHeadshot2026/202.png
697,Harmeet Singh,IPL,https://documents.iplt20.com/ipl/assets/images/Default-Men.png
698,Prince Yadav,IPL,https://documents.iplt20.com/ipl/assets/images/Default-Men.png
699,S Chanderpaul,IPL,https://documents.iplt20.com/ipl/assets/images/Default-Men.png
700,WG Jacks,MI,https://www.mumbaiindians.com/static-assets/images/players/large/66927.png?v=4.16&w=200
701,R Shepherd,RCB,https://documents.iplt20.com/ipl/IPLHeadshot2026/371.png
702,SB Wagh,IPL,https://documents.iplt20.com/ipl/assets/images/Default-Men.png
703,BB Samantray,IPL,https://documents.iplt20.com/ipl/assets/images/Default-Men.png
704,R Sanjay Yadav,IPL,https://documents.iplt20.com/ipl/assets/images/Default-Men.png
705,Shubman Gill,IPL,https://documents.iplt20.com/ipl/assets/images/Default-Men.png
706,JD Unadkat,SRH,https://documents.iplt20.com/ipl/IPLHeadshot2026/180.png
707,RR Rossouw,IPL,https://documents.iplt20.com/ipl/assets/images/Default-Men.png
708,XC Bartlett,IPL,https://documents.iplt20.com/ipl/assets/images/Default-Men.png
709,MG Johnson,IPL,https://documents.iplt20.com/ipl/assets/images/Default-Men.png
710,CJ Dala,IPL,https://documents.iplt20.com/ipl/assets/images/Default-Men.png
711,DNT Zoysa,IPL,https://documents.iplt20.com/ipl/assets/images/Default-Men.png
712,FA Allen,KKR,https://documents.iplt20.com/ipl/assets/images/Default-Men.png
713,MB Parmar,IPL,https://documents.iplt20.com/ipl/assets/images/Default-Men.png
714,KP Appanna,IPL,https://documents.iplt20.com/ipl/assets/images/Default-Men.png
715,PWH de Silva,IPL,https://documents.iplt20.com/ipl/assets/images/Default-Men.png
716,Naveen-ul-Haq,IPL,https://documents.iplt20.com/ipl/assets/images/Default-Men.png
717,M Jansen,IPL,https://documents.iplt20.com/ipl/assets/images/Default-Men.png
718,Suyash Sharma,RCB,https://documents.iplt20.com/ipl/IPLHeadshot2026/1932.png
719,KS Bharat,IPL,https://documents.iplt20.com/ipl/assets/images/Default-Men.png
720,A Nehra,IPL,https://documents.iplt20.com/ipl/assets/images/Default-Men.png
721,DP Conway,IPL,https://documents.iplt20.com/ipl/assets/images/Default-Men.png
722,KP Pietersen,IPL,https://documents.iplt20.com/ipl/assets/images/Default-Men.png
723,KJ Abbott,IPL,https://documents.iplt20.com/ipl/assets/images/Default-Men.png
724,RA Tripathi,KKR,https://documents.iplt20.com/ipl/assets/images/Default-Men.png
725,R Sharma,IPL,https://documents.iplt20.com/ipl/assets/images/Default-Men.png
726,AP Tare,IPL,https://documents.iplt20.com/ipl/assets/images/Default-Men.png
727,AC Thomas,IPL,https://documents.iplt20.com/ipl/assets/images/Default-Men.png
728,V Nigam,IPL,https://documents.iplt20.com/ipl/assets/images/Default-Men.png
729,SS Cottrell,IPL,https://documents.iplt20.com/ipl/assets/images/Default-Men.png
730,V Kohli,RCB,https://documents.iplt20.com/ipl/IPLHeadshot2026/2.png
731,Avesh Khan,IPL,https://documents.iplt20.com/ipl/assets/images/Default-Men.png
732,Joginder Sharma,IPL,https://documents.iplt20.com/ipl/assets/images/Default-Men.png
733,AS Yadav,IPL,https://documents.iplt20.com/ipl/assets/images/Default-Men.png
734,AM Nayar,IPL,https://documents.iplt20.com/ipl/assets/images/Default-Men.png
735,YS Chahal,IPL,https://documents.iplt20.com/ipl/assets/images/Default-Men.png
736,Aniket Verma,SRH,https://documents.iplt20.com/ipl/IPLHeadshot2026/3576.png
737,Kumar Kushagra,IPL,https://documents.iplt20.com/ipl/assets/images/Default-Men.png
738,Suryansh Shedge,IPL,https://documents.iplt20.com/ipl/assets/images/Default-Men.png
739,YA Abdulla,IPL,https://documents.iplt20.com/ipl/assets/images/Default-Men.png
740,Shoaib Malik,IPL,https://documents.iplt20.com/ipl/assets/images/Default-Men.png
741,PP Chawla,IPL,https://documents.iplt20.com/ipl/assets/images/Default-Men.png
742,TG Southee,IPL,https://documents.iplt20.com/ipl/assets/images/Default-Men.png
743,JC Buttler,IPL,https://documents.iplt20.com/ipl/assets/images/Default-Men.png
744,Ankit Soni,IPL,https://documents.iplt20.com/ipl/assets/images/Default-Men.png
745,R Shukla,IPL,https://documents.iplt20.com/ipl/assets/images/Default-Men.png
746,R Sai Kishore,IPL,https://documents.iplt20.com/ipl/assets/images/Default-Men.png
747,AP Dole,IPL,https://documents.iplt20.com/ipl/assets/images/Default-Men.png
748,Kamran Khan,IPL,https://documents.iplt20.com/ipl/assets/images/Default-Men.png
749,T Taibu,IPL,https://documents.iplt20.com/ipl/assets/images/Default-Men.png
750,DP Vijaykumar,IPL,https://documents.iplt20.com/ipl/assets/images/Default-Men.png
751,PJ Sangwan,IPL,https://documents.iplt20.com/ipl/assets/images/Default-Men.png
752,S Dhawan,IPL,https://documents.iplt20.com/ipl/assets/images/Default-Men.png
753,S Randiv,IPL,https://documents.iplt20.com/ipl/assets/images/Default-Men.png
754,R Tewatia,IPL,https://documents.iplt20.com/ipl/assets/images/Default-Men.png
755,WP Saha,IPL,https://documents.iplt20.com/ipl/assets/images/Default-Men.png
756,R Goyal,IPL,https://documents.iplt20.com/ipl/assets/images/Default-Men.png
757,S Nadeem,IPL,https://documents.iplt20.com/ipl/assets/images/Default-Men.png
758,B Stanlake,IPL,https://documents.iplt20.com/ipl/assets/images/Default-Men.png
759,V Viyaskanth,IPL,https://documents.iplt20.com/ipl/assets/images/Default-Men.png
760,MS Wade,IPL,https://documents.iplt20.com/ipl/assets/images/Default-Men.png
761,RP Meredith,IPL,https://documents.iplt20.com/ipl/assets/images/Default-Men.png
762,Harbhajan Singh,IPL,https://documents.iplt20.com/ipl/assets/images/Default-Men.png
763,M Klinger,IPL,https://documents.iplt20.com/ipl/assets/images/Default-Men.png
764,L Ablish,IPL,https://documents.iplt20.com/ipl/assets/images/Default-Men.png
765,R Dhawan,IPL,https://documents.iplt20.com/ipl/assets/images/Default-Men.png
766,S Vidyut,IPL,https://documents.iplt20.com/ipl/assets/images/Default-Men.png
767,H Sharma,IPL,https://documents.iplt20.com/ipl/assets/images/Default-Men.png
768,KT Maphaka,IPL,https://documents.iplt20.com/ipl/assets/images/Default-Men.png
769,S Sreesanth,IPL,https://documents.iplt20.com/ipl/assets/images/Default-Men.png
770,RJ Gleeson,IPL,https://documents.iplt20.com/ipl/assets/images/Default-Men.png
771,RS Bopara,IPL,https://documents.iplt20.com/ipl/assets/images/Default-Men.png
